"Mes","Operadora","Clave <br />de <br />Pizarra","Tipo <br />Fondo","Clasificación <br />Fondo","Prospecto <br />de <br />Información"
"Junio 2026","CIFONDO","+CIBOLS","DE RENTA VARIABLE","DISCRECIONAL RENTA VARIABLE","<a target='_blank' href='#' >#</a>"
"Junio 2026","CIFONDO","+CIEQUS","DE RENTA VARIABLE","DISCRECIONAL RENTA VARIABLE","<a target='_blank' href='#' >#</a>"
"Junio 2026","CIFONDO","+CIGUB","EN INSTRUMENTOS DE DEUDA","CORTO PLAZO GUBERNAMENTAL","<a target='_blank' href='#' >#</a>"
"Junio 2026","CIFONDO","+CIGUMP","EN INSTRUMENTOS DE DEUDA","MEDIANO PLAZO GUBERNAMENTAL","<a target='_blank' href='#' >#</a>"
"Junio 2026","CIFONDO","+CIPLUS","EN INSTRUMENTOS DE DEUDA","MEDIANO PLAZO","<a target='_blank' href='#' >#</a>"
"Junio 2026","CIFONDO","+CIUSD","EN INSTRUMENTOS DE DEUDA","CORTO PLAZO EN MONEDA EXTRANJERA","<a target='_blank' href='#' >#</a>"
"Junio 2026","SAM","+HAYEK+","DE RENTA VARIABLE","ESPECIALIZADO EN RENTA VARIABLE","<a target='_blank' href='#' >#</a>"
"Junio 2026","KPTL","+TASA","EN INSTRUMENTOS DE DEUDA","CORTO PLAZO GUBERNAMENTAL","<a target='_blank' href='#' >#</a>"
"Junio 2026","KPTL","+TASAA1","DE RENTA VARIABLE","DISCRECIONAL RENTA VARIABLE","<a target='_blank' href='#' >#</a>"
"Junio 2026","KPTL","+TASACP","EN INSTRUMENTOS DE DEUDA","DISCRECIONAL DEUDA","<a target='_blank' href='#' >#</a>"
"Junio 2026","KPTL","+TASAD1","DE RENTA VARIABLE","DISCRECIONAL RENTA VARIABLE","<a target='_blank' href='#' >#</a>"
"Junio 2026","KPTL","+TASAMX","EN INSTRUMENTOS DE DEUDA","DISCRECIONAL EN GUBERNAMENTAL","<a target='_blank' href='#' >#</a>"
"Junio 2026","KPTL","+TASAPR","EN INSTRUMENTOS DE DEUDA","CORTO PLAZO","<a target='_blank' href='#' >#</a>"
"Junio 2026","KPTL","+TASAUS","EN INSTRUMENTOS DE DEUDA","CORTO PLAZO EN MONEDA EXTRANJERA","<a target='_blank' href='#' >#</a>"
"Junio 2026","OACTIN","+VALOR","DE RENTA VARIABLE","DISCRECIONAL RENTA VARIABLE","<a target='_blank' href='#' >#</a>"
"Junio 2026","OACTIN","ACOB+","DE RENTA VARIABLE","DISCRECIONAL RENTA VARIABLE","<a target='_blank' href='#' >#</a>"
"Junio 2026","OACTIN","ACT2025","DE RENTA VARIABLE","DISCRECIONAL RENTA VARIABLE","<a target='_blank' href='#' >#</a>"
"Junio 2026","OACTIN","ACT2030","DE RENTA VARIABLE","DISCRECIONAL RENTA VARIABLE","<a target='_blank' href='#' >#</a>"
"Junio 2026","OACTIN","ACT2035","DE RENTA VARIABLE","DISCRECIONAL RENTA VARIABLE","<a target='_blank' href='#' >#</a>"
"Junio 2026","OACTIN","ACT2040","DE RENTA VARIABLE","DISCRECIONAL RENTA VARIABLE","<a target='_blank' href='#' >#</a>"
"Junio 2026","OACTIN","ACT4560","DE RENTA VARIABLE","DISCRECIONAL RENTA VARIABLE","<a target='_blank' href='#' >#</a>"
"Junio 2026","OACTIN","ACTDUAL","DE RENTA VARIABLE","DISCRECIONAL RENTA VARIABLE","<a target='_blank' href='#' >#</a>"
"Junio 2026","OACTIN","ACTI500","DE RENTA VARIABLE","ESPECIALIZADA EN ACCIONES INDIZADAS AL S&P 500","<a target='_blank' href='#' >#</a>"
"Junio 2026","OACTIN","ACTIAI","DE RENTA VARIABLE","ESPECIALIZADO EN RENTA VARIABLE","<a target='_blank' href='#' >#</a>"
"Junio 2026","OACTIN","ACTICOB","EN INSTRUMENTOS DE DEUDA","CORTO PLAZO INDIZADA O COBERTURA EN DOLARES","<a target='_blank' href='#' >#</a>"
"Junio 2026","OACTIN","ACTICRE","DE RENTA VARIABLE","DISCRECIONAL RENTA VARIABLE","<a target='_blank' href='#' >#</a>"
"Junio 2026","OACTIN","ACTIED","DE RENTA VARIABLE","ESPECIALIZADO EN RENTA VARIABLE","<a target='_blank' href='#' >#</a>"
"Junio 2026","OACTIN","ACTIEUR","EN INSTRUMENTOS DE DEUDA","CORTO PLAZO","<a target='_blank' href='#' >#</a>"
"Junio 2026","OACTIN","ACTIG+","EN INSTRUMENTOS DE DEUDA","MEDIANO PLAZO","<a target='_blank' href='#' >#</a>"
"Junio 2026","OACTIN","ACTIG+2","EN INSTRUMENTOS DE DEUDA","MEDIANO PLAZO","<a target='_blank' href='#' >#</a>"
"Junio 2026","OACTIN","ACTIGOB","EN INSTRUMENTOS DE DEUDA","CORTO PLAZO GUBERNAMENTAL","<a target='_blank' href='#' >#</a>"
"Junio 2026","OACTIN","ACTIMED","EN INSTRUMENTOS DE DEUDA","MEDIANO PLAZO","<a target='_blank' href='#' >#</a>"
"Junio 2026","OACTIN","ACTINTK","DE RENTA VARIABLE","DISCRECIONAL RENTA VARIABLE","<a target='_blank' href='#' >#</a>"
"Junio 2026","OACTIN","ACTIOP1","DE RENTA VARIABLE","DISCRECIONAL RENTA VARIABLE","<a target='_blank' href='#' >#</a>"
"Junio 2026","OACTIN","ACTIPLU","EN INSTRUMENTOS DE DEUDA","MEDIANO PLAZO EN DOLARES","<a target='_blank' href='#' >#</a>"
"Junio 2026","OACTIN","ACTIPT1","DE RENTA VARIABLE","DISCRECIONAL RENTA VARIABLE","<a target='_blank' href='#' >#</a>"
"Junio 2026","OACTIN","ACTIPT4","DE RENTA VARIABLE","DISCRECIONAL RENTA VARIABLE","<a target='_blank' href='#' >#</a>"
"Junio 2026","OACTIN","ACTIREN","EN INSTRUMENTOS DE DEUDA","CORTO PLAZO","<a target='_blank' href='#' >#</a>"
"Junio 2026","OACTIN","ACTIRVT","DE RENTA VARIABLE","DISCRECIONAL RENTA VARIABLE","<a target='_blank' href='#' >#</a>"
"Junio 2026","OACTIN","ACTIVAR","DE RENTA VARIABLE","ESPECIALIZADA EN ACCIONES INDIZADA AL IPC","<a target='_blank' href='#' >#</a>"
"Junio 2026","OACTIN","ACTOTAL","DE RENTA VARIABLE","DISCRECIONAL RENTA VARIABLE","<a target='_blank' href='#' >#</a>"
"Junio 2026","OACTIN","ACTVIDA","DE RENTA VARIABLE","DISCRECIONAL RENTA VARIABLE","<a target='_blank' href='#' >#</a>"
"Junio 2026","OACTIN","ACTVOSS","DE RENTA VARIABLE","ESPECIALIZADA EN ACCIONES INTERNACIONALES","<a target='_blank' href='#' >#</a>"
"Junio 2026","OAFIRME","AFIRCOR","EN INSTRUMENTOS DE DEUDA","CORTO PLAZO GUBERNAMENTAL","<a target='_blank' href='#' >#</a>"
"Junio 2026","OAFIRME","AFIRMES","EN INSTRUMENTOS DE DEUDA","CORTO PLAZO GUBERNAMENTAL","<a target='_blank' href='#' >#</a>"
"Junio 2026","OAFIRME","AFIRPLU","EN INSTRUMENTOS DE DEUDA","MEDIANO PLAZO","<a target='_blank' href='#' >#</a>"
"Junio 2026","OAFIRME","AFIRVIS","EN INSTRUMENTOS DE DEUDA","CORTO PLAZO","<a target='_blank' href='#' >#</a>"
"Junio 2026","OACTIN","AGOB+","EN INSTRUMENTOS DE DEUDA","CORTO PLAZO GUBERNAMENTAL","<a target='_blank' href='#' >#</a>"
"Junio 2026","COMPASS","ALPHA+","DE RENTA VARIABLE","ESPECIALIZADA EN ACCIONES","<a target='_blank' href='#' >#</a>"
"Junio 2026","COMPASS","ALTER1+","DE RENTA VARIABLE","DISCRECIONAL RENTA VARIABLE","<a target='_blank' href='#' >#</a>"
"Junio 2026","OACTIN","ALTERN","EN INSTRUMENTOS DE DEUDA","DISCRECIONAL DEUDA","<a target='_blank' href='#' >#</a>"
"Junio 2026","OPFFINX","AM2","DE RENTA VARIABLE","ESPECIALIZADA EN ACCIONES","<a target='_blank' href='#' >#</a>"
"Junio 2026","OPFFINX","AM3","DE RENTA VARIABLE","ESPECIALIZADA EN ACCIONES INDIZADAS AL S&P 500","<a target='_blank' href='#' >#</a>"
"Junio 2026","OPFFINX","AM4","DE RENTA VARIABLE","ESPECIALIZADA EN ACCIONES","<a target='_blank' href='#' >#</a>"
"Junio 2026","COMPASS","AMVALOR","DE RENTA VARIABLE","DISCRECIONAL RENTA VARIABLE","<a target='_blank' href='#' >#</a>"
"Junio 2026","BANORTE","APIBONO","EN INSTRUMENTOS DE DEUDA","LARGO PLAZO GUBERNAMENTAL","<a target='_blank' href='#' >#</a>"
"Junio 2026","BANORTE","APICP","EN INSTRUMENTOS DE DEUDA","CORTO PLAZO GUBERNAMENTAL","<a target='_blank' href='#' >#</a>"
"Junio 2026","OACTIN","APOLO10","EN INSTRUMENTOS DE DEUDA","CORTO PLAZO","<a target='_blank' href='#' >#</a>"
"Junio 2026","SAM","AXAIM29","DE RENTA VARIABLE","DISCRECIONAL RENTA VARIABLE","<a target='_blank' href='#' >#</a>"
"Junio 2026","SAM","AXAIM41","DE RENTA VARIABLE","DISCRECIONAL RENTA VARIABLE","<a target='_blank' href='#' >#</a>"
"Junio 2026","SAM","AXAIM53","DE RENTA VARIABLE","DISCRECIONAL RENTA VARIABLE","<a target='_blank' href='#' >#</a>"
"Junio 2026","SAM","AXAIM65","DE RENTA VARIABLE","DISCRECIONAL RENTA VARIABLE","<a target='_blank' href='#' >#</a>"
"Junio 2026","FACCESS","AXESBMV","DE RENTA VARIABLE","DISCRECIONAL RENTA VARIABLE","<a target='_blank' href='#' >#</a>"
"Junio 2026","FACCESS","AXESCAP","DE RENTA VARIABLE","DISCRECIONAL RENTA VARIABLE","<a target='_blank' href='#' >#</a>"
"Junio 2026","FACCESS","AXESCOB","EN INSTRUMENTOS DE DEUDA","CORTO PLAZO EN DOLARES","<a target='_blank' href='#' >#</a>"
"Junio 2026","FACCESS","AXESCP","EN INSTRUMENTOS DE DEUDA","CORTO PLAZO GUBERNAMENTAL","<a target='_blank' href='#' >#</a>"
"Junio 2026","FACCESS","AXESDVD","DE RENTA VARIABLE","DISCRECIONAL RENTA VARIABLE","<a target='_blank' href='#' >#</a>"
"Junio 2026","FACCESS","AXESEDM","DE RENTA VARIABLE","ESPECIALIZADA EN ACCIONES INTERNACIONALES","<a target='_blank' href='#' >#</a>"
"Junio 2026","FACCESS","AXESESG","DE RENTA VARIABLE","ESPECIALIZADO EN RENTA VARIABLE","<a target='_blank' href='#' >#</a>"
"Junio 2026","FACCESS","AXESFIN","DE RENTA VARIABLE","DISCRECIONAL RENTA VARIABLE","<a target='_blank' href='#' >#</a>"
"Junio 2026","FACCESS","AXESGLO","DE RENTA VARIABLE","ESPECIALIZADA EN ACCIONES INTERNACIONALES","<a target='_blank' href='#' >#</a>"
"Junio 2026","FACCESS","AXESGSP","DE RENTA VARIABLE","ESPECIALIZADA EN ACCIONES INTERNACIONALES","<a target='_blank' href='#' >#</a>"
"Junio 2026","FACCESS","AXESLP","EN INSTRUMENTOS DE DEUDA","LARGO PLAZO","<a target='_blank' href='#' >#</a>"
"Junio 2026","FACCESS","AXESMP","EN INSTRUMENTOS DE DEUDA","MEDIANO PLAZO","<a target='_blank' href='#' >#</a>"
"Junio 2026","FACCESS","AXESPRO","DE RENTA VARIABLE","ESPECIALIZADA EN DEUDA","<a target='_blank' href='#' >#</a>"
"Junio 2026","FACCESS","AXESRVD","DE RENTA VARIABLE","DISCRECIONAL RENTA VARIABLE","<a target='_blank' href='#' >#</a>"
"Junio 2026","FACCESS","AXESUSA","DE RENTA VARIABLE","ESPECIALIZADA EN ACCIONES INTERNACIONALES","<a target='_blank' href='#' >#</a>"
"Junio 2026","AZIMUT","AZGLOAI","DE RENTA VARIABLE","DISCRECIONAL RENTA VARIABLE","<a target='_blank' href='#' >#</a>"
"Junio 2026","AZIMUT","AZMT-C1","EN INSTRUMENTOS DE DEUDA","MEDIANO PLAZO","<a target='_blank' href='#' >#</a>"
"Junio 2026","AZIMUT","AZMT-D1","EN INSTRUMENTOS DE DEUDA","DISCRECIONAL DEUDA","<a target='_blank' href='#' >#</a>"
"Junio 2026","AZIMUT","AZMT-G1","EN INSTRUMENTOS DE DEUDA","CORTO PLAZO GUBERNAMENTAL","<a target='_blank' href='#' >#</a>"
"Junio 2026","AZIMUT","AZMT-V1","DE RENTA VARIABLE","ESPECIALIZADA EN ACCIONES","<a target='_blank' href='#' >#</a>"
"Junio 2026","AZIMUT","AZMTCHI","DE RENTA VARIABLE","DISCRECIONAL RENTA VARIABLE","<a target='_blank' href='#' >#</a>"
"Junio 2026","AZIMUT","AZMTCON","DE RENTA VARIABLE","DISCRECIONAL RENTA VARIABLE","<a target='_blank' href='#' >#</a>"
"Junio 2026","AZIMUT","AZMTCRE","DE RENTA VARIABLE","DISCRECIONAL RENTA VARIABLE","<a target='_blank' href='#' >#</a>"
"Junio 2026","AZIMUT","AZMTESG","DE RENTA VARIABLE","DISCRECIONAL RENTA VARIABLE","<a target='_blank' href='#' >#</a>"
"Junio 2026","AZIMUT","AZMTEUA","DE RENTA VARIABLE","DISCRECIONAL RENTA VARIABLE","<a target='_blank' href='#' >#</a>"
"Junio 2026","AZIMUT","AZMTMOD","DE RENTA VARIABLE","DISCRECIONAL RENTA VARIABLE","<a target='_blank' href='#' >#</a>"
"Junio 2026","AZIMUT","AZMTPRO","DE RENTA VARIABLE","DISCRECIONAL RENTA VARIABLE","<a target='_blank' href='#' >#</a>"
"Junio 2026","AZIMUT","AZMTUSD","DE RENTA VARIABLE","DISCRECIONAL RENTA VARIABLE","<a target='_blank' href='#' >#</a>"
"Junio 2026","PUNTO","AZTECA+","EN INSTRUMENTOS DE DEUDA","MEDIANO PLAZO","<a target='_blank' href='#' >#</a>"
"Junio 2026","OACTIN","AZTECA1","EN INSTRUMENTOS DE DEUDA","MEDIANO PLAZO","<a target='_blank' href='#' >#</a>"
"Junio 2026","OPBBVAG","B+EDUCA","EN INSTRUMENTOS DE DEUDA","CORTO PLAZO GUBERNAMENTAL","<a target='_blank' href='#' >#</a>"
"Junio 2026","OPBBVAG","B+RVUS2","DE RENTA VARIABLE","ESPECIALIZADO EN RENTA VARIABLE","<a target='_blank' href='#' >#</a>"
"Junio 2026","OPFFINX","BALANCE","DE RENTA VARIABLE","DISCRECIONAL RENTA VARIABLE","<a target='_blank' href='#' >#</a>"
"Junio 2026","OPBBVAG","BBVA34","DE RENTA VARIABLE","DISCRECIONAL RENTA VARIABLE","<a target='_blank' href='#' >#</a>"
"Junio 2026","OPBBVAG","BBVA44","DE RENTA VARIABLE","DISCRECIONAL RENTA VARIABLE","<a target='_blank' href='#' >#</a>"
"Junio 2026","OPBBVAG","BBVA50","DE RENTA VARIABLE","DISCRECIONAL RENTA VARIABLE","<a target='_blank' href='#' >#</a>"
"Junio 2026","OPBBVAG","BBVA56","DE RENTA VARIABLE","DISCRECIONAL RENTA VARIABLE","<a target='_blank' href='#' >#</a>"
"Junio 2026","OPBBVAG","BBVA66","DE RENTA VARIABLE","DISCRECIONAL RENTA VARIABLE","<a target='_blank' href='#' >#</a>"
"Junio 2026","OPBBVAG","BBVAA","DE RENTA VARIABLE","DISCRECIONAL RENTA VARIABLE","<a target='_blank' href='#' >#</a>"
"Junio 2026","OPBBVAG","BBVAAD","DE RENTA VARIABLE","DISCRECIONAL RENTA VARIABLE","<a target='_blank' href='#' >#</a>"
"Junio 2026","OPBBVAG","BBVAC","DE RENTA VARIABLE","DISCRECIONAL RENTA VARIABLE","<a target='_blank' href='#' >#</a>"
"Junio 2026","OPBBVAG","BBVAC+","DE RENTA VARIABLE","DISCRECIONAL RENTA VARIABLE","<a target='_blank' href='#' >#</a>"
"Junio 2026","OPBBVAG","BBVACAP","DE RENTA VARIABLE","DISCRECIONAL RENTA VARIABLE","<a target='_blank' href='#' >#</a>"
"Junio 2026","OPBBVAG","BBVACD","DE RENTA VARIABLE","DISCRECIONAL RENTA VARIABLE","<a target='_blank' href='#' >#</a>"
"Junio 2026","OPBBVAG","BBVACD+","DE RENTA VARIABLE","DISCRECIONAL RENTA VARIABLE","<a target='_blank' href='#' >#</a>"
"Junio 2026","OPBBVAG","BBVACOR","EN INSTRUMENTOS DE DEUDA","DISCRECIONAL DEUDA","<a target='_blank' href='#' >#</a>"
"Junio 2026","OPBBVAG","BBVACR","DE RENTA VARIABLE","DISCRECIONAL RENTA VARIABLE","<a target='_blank' href='#' >#</a>"
"Junio 2026","OPBBVAG","BBVACRD","DE RENTA VARIABLE","DISCRECIONAL RENTA VARIABLE","<a target='_blank' href='#' >#</a>"
"Junio 2026","OPBBVAG","BBVACRE","DE RENTA VARIABLE","DISCRECIONAL RENTA VARIABLE","<a target='_blank' href='#' >#</a>"
"Junio 2026","OPBBVAG","BBVADCB","EN INSTRUMENTOS DE DEUDA","DISCRECIONAL DEUDA","<a target='_blank' href='#' >#</a>"
"Junio 2026","OPBBVAG","BBVADD","EN INSTRUMENTOS DE DEUDA","DISCRECIONAL DEUDA","<a target='_blank' href='#' >#</a>"
"Junio 2026","OPBBVAG","BBVADGA","EN INSTRUMENTOS DE DEUDA","DISCRECIONAL DEUDA","<a target='_blank' href='#' >#</a>"
"Junio 2026","OPBBVAG","BBVADIG","DE RENTA VARIABLE","DISCRECIONAL RENTA VARIABLE","<a target='_blank' href='#' >#</a>"
"Junio 2026","OPBBVAG","BBVADLP","EN INSTRUMENTOS DE DEUDA","LARGO PLAZO","<a target='_blank' href='#' >#</a>"
"Junio 2026","OPBBVAG","BBVADOL","EN INSTRUMENTOS DE DEUDA","CORTO PLAZO EN MONEDA EXTRANJERA","<a target='_blank' href='#' >#</a>"
"Junio 2026","OPBBVAG","BBVAEMG","DE RENTA VARIABLE","ESPECIALIZADA EN ACCIONES INTERNACIONALES","<a target='_blank' href='#' >#</a>"
"Junio 2026","OPBBVAG","BBVAESG","DE RENTA VARIABLE","ESPECIALIZADO EN RENTA VARIABLE","<a target='_blank' href='#' >#</a>"
"Junio 2026","OPBBVAG","BBVAEUR","EN INSTRUMENTOS DE DEUDA","CORTO PLAZO EN MONEDA EXTRANJERA","<a target='_blank' href='#' >#</a>"
"Junio 2026","OPBBVAG","BBVAGB2","EN INSTRUMENTOS DE DEUDA","CORTO PLAZO GUBERNAMENTAL","<a target='_blank' href='#' >#</a>"
"Junio 2026","OPBBVAG","BBVAGB3","EN INSTRUMENTOS DE DEUDA","LARGO PLAZO GUBERNAMENTAL","<a target='_blank' href='#' >#</a>"
"Junio 2026","OPBBVAG","BBVAGBP","EN INSTRUMENTOS DE DEUDA","CORTO PLAZO ESPECIALIZADA EN MERCADO DE DINERO","<a target='_blank' href='#' >#</a>"
"Junio 2026","OPBBVAG","BBVAGF","DE RENTA VARIABLE","DISCRECIONAL RENTA VARIABLE","<a target='_blank' href='#' >#</a>"
"Junio 2026","OPBBVAG","BBVAGFD","DE RENTA VARIABLE","DISCRECIONAL RENTA VARIABLE","<a target='_blank' href='#' >#</a>"
"Junio 2026","OPBBVAG","BBVAGL3","DE RENTA VARIABLE","DISCRECIONAL RENTA VARIABLE","<a target='_blank' href='#' >#</a>"
"Junio 2026","OPBBVAG","BBVAGL4","DE RENTA VARIABLE","DISCRECIONAL RENTA VARIABLE","<a target='_blank' href='#' >#</a>"
"Junio 2026","OPBBVAG","BBVAGL5","DE RENTA VARIABLE","DISCRECIONAL RENTA VARIABLE","<a target='_blank' href='#' >#</a>"
"Junio 2026","OPBBVAG","BBVAGLP","EN INSTRUMENTOS DE DEUDA","LARGO PLAZO GUBERNAMENTAL","<a target='_blank' href='#' >#</a>"
"Junio 2026","OPBBVAG","BBVAGOB","EN INSTRUMENTOS DE DEUDA","CORTO PLAZO GUBERNAMENTAL","<a target='_blank' href='#' >#</a>"
"Junio 2026","OPBBVAG","BBVAGUB","EN INSTRUMENTOS DE DEUDA","CORTO PLAZO GUBERNAMENTAL","<a target='_blank' href='#' >#</a>"
"Junio 2026","OPBBVAG","BBVALIQ","EN INSTRUMENTOS DE DEUDA","CORTO PLAZO","<a target='_blank' href='#' >#</a>"
"Junio 2026","OPBBVAG","BBVAM","DE RENTA VARIABLE","DISCRECIONAL RENTA VARIABLE","<a target='_blank' href='#' >#</a>"
"Junio 2026","OPBBVAG","BBVAMA2","DE RENTA VARIABLE","DISCRECIONAL RENTA VARIABLE","<a target='_blank' href='#' >#</a>"
"Junio 2026","OPBBVAG","BBVAMA3","DE RENTA VARIABLE","DISCRECIONAL RENTA VARIABLE","<a target='_blank' href='#' >#</a>"
"Junio 2026","OPBBVAG","BBVAMD","DE RENTA VARIABLE","DISCRECIONAL RENTA VARIABLE","<a target='_blank' href='#' >#</a>"
"Junio 2026","OPBBVAG","BBVAMLT","DE RENTA VARIABLE","DISCRECIONAL RENTA VARIABLE","<a target='_blank' href='#' >#</a>"
"Junio 2026","OPBBVAG","BBVAMRF","EN INSTRUMENTOS DE DEUDA","DISCRECIONAL DEUDA","<a target='_blank' href='#' >#</a>"
"Junio 2026","OPBBVAG","BBVANDQ","DE RENTA VARIABLE","ESPECIALIZADA EN ACCIONES INTERNACIONALES","<a target='_blank' href='#' >#</a>"
"Junio 2026","OPBBVAG","BBVANSH","DE RENTA VARIABLE","DISCRECIONAL RENTA VARIABLE","<a target='_blank' href='#' >#</a>"
"Junio 2026","OPBBVAG","BBVAPC","EN INSTRUMENTOS DE DEUDA","DISCRECIONAL DEUDA","<a target='_blank' href='#' >#</a>"
"Junio 2026","OPBBVAG","BBVAPCD","EN INSTRUMENTOS DE DEUDA","DISCRECIONAL DEUDA","<a target='_blank' href='#' >#</a>"
"Junio 2026","OPBBVAG","BBVAPYM","EN INSTRUMENTOS DE DEUDA","CORTO PLAZO","<a target='_blank' href='#' >#</a>"
"Junio 2026","OPBBVAG","BBVAPZO","EN INSTRUMENTOS DE DEUDA","MEDIANO PLAZO","<a target='_blank' href='#' >#</a>"
"Junio 2026","OPBBVAG","BBVARF","EN INSTRUMENTOS DE DEUDA","CORTO PLAZO","<a target='_blank' href='#' >#</a>"
"Junio 2026","OPBBVAG","BBVARFG","DE RENTA VARIABLE","DISCRECIONAL RENTA VARIABLE","<a target='_blank' href='#' >#</a>"
"Junio 2026","OPBBVAG","BBVARFL","DE RENTA VARIABLE","DISCRECIONAL RENTA VARIABLE","<a target='_blank' href='#' >#</a>"
"Junio 2026","OPBBVAG","BBVARV","DE RENTA VARIABLE","ESPECIALIZADA EN ACCIONES","<a target='_blank' href='#' >#</a>"
"Junio 2026","OPBBVAG","BBVARVE","DE RENTA VARIABLE","ESPECIALIZADA EN ACCIONES INTERNACIONALES","<a target='_blank' href='#' >#</a>"
"Junio 2026","OPBBVAG","BBVASIC","DE RENTA VARIABLE","DISCRECIONAL RENTA VARIABLE","<a target='_blank' href='#' >#</a>"
"Junio 2026","OPBBVAG","BBVATES","EN INSTRUMENTOS DE DEUDA","CORTO PLAZO GUBERNAMENTAL","<a target='_blank' href='#' >#</a>"
"Junio 2026","OPBBVAG","BBVAUDI","EN INSTRUMENTOS DE DEUDA","LARGO PLAZO TASA REAL","<a target='_blank' href='#' >#</a>"
"Junio 2026","OPBBVAG","BBVAUMS","EN INSTRUMENTOS DE DEUDA","LARGO PLAZO EN MONEDA EXTRANJERA","<a target='_blank' href='#' >#</a>"
"Junio 2026","OPBBVAG","BBVAUS","DE RENTA VARIABLE","ESPECIALIZADA EN ACCIONES INTERNACIONALES","<a target='_blank' href='#' >#</a>"
"Junio 2026","BLACKROCK","BLK1MAS","EN INSTRUMENTOS DE DEUDA","CORTO PLAZO","<a target='_blank' href='#' >#</a>"
"Junio 2026","BLACKROCK","BLK2030","DE RENTA VARIABLE","DISCRECIONAL RENTA VARIABLE","<a target='_blank' href='#' >#</a>"
"Junio 2026","BLACKROCK","BLK2040","DE RENTA VARIABLE","DISCRECIONAL RENTA VARIABLE","<a target='_blank' href='#' >#</a>"
"Junio 2026","BLACKROCK","BLK2050","DE RENTA VARIABLE","DISCRECIONAL RENTA VARIABLE","<a target='_blank' href='#' >#</a>"
"Junio 2026","BLACKROCK","BLK2060","DE RENTA VARIABLE","DISCRECIONAL RENTA VARIABLE","<a target='_blank' href='#' >#</a>"
"Junio 2026","BLACKROCK","BLKCOR","EN INSTRUMENTOS DE DEUDA","DISCRECIONAL DEUDA","<a target='_blank' href='#' >#</a>"
"Junio 2026","BLACKROCK","BLKCP","EN INSTRUMENTOS DE DEUDA","DISCRECIONAL DEUDA","<a target='_blank' href='#' >#</a>"
"Junio 2026","BLACKROCK","BLKCP1","EN INSTRUMENTOS DE DEUDA","DISCRECIONAL DEUDA","<a target='_blank' href='#' >#</a>"
"Junio 2026","BLACKROCK","BLKCRE","DE RENTA VARIABLE","ESPECIALIZADA EN ACCIONES MEXICANAS","<a target='_blank' href='#' >#</a>"
"Junio 2026","BLACKROCK","BLKDIA","EN INSTRUMENTOS DE DEUDA","CORTO PLAZO GUBERNAMENTAL","<a target='_blank' href='#' >#</a>"
"Junio 2026","BLACKROCK","BLKDIN","EN INSTRUMENTOS DE DEUDA","CORTO PLAZO","<a target='_blank' href='#' >#</a>"
"Junio 2026","BLACKROCK","BLKDIP","DE RENTA VARIABLE","DISCRECIONAL RENTA VARIABLE","<a target='_blank' href='#' >#</a>"
"Junio 2026","BLACKROCK","BLKEM1","DE RENTA VARIABLE","ESPECIALIZADA EN ACCIONES INTERNACIONALES","<a target='_blank' href='#' >#</a>"
"Junio 2026","BLACKROCK","BLKEURV","DE RENTA VARIABLE","ESPECIALIZADA EN ACCIONES INTERNACIONALES","<a target='_blank' href='#' >#</a>"
"Junio 2026","BLACKROCK","BLKFIH","DE RENTA VARIABLE","DISCRECIONAL RENTA VARIABLE","<a target='_blank' href='#' >#</a>"
"Junio 2026","BLACKROCK","BLKFUSA","DE RENTA VARIABLE","ESPECIALIZADA EN ACCIONES INTERNACIONALES","<a target='_blank' href='#' >#</a>"
"Junio 2026","BLACKROCK","BLKGLO2","DE RENTA VARIABLE","DISCRECIONAL RENTA VARIABLE","<a target='_blank' href='#' >#</a>"
"Junio 2026","BLACKROCK","BLKGLO3","DE RENTA VARIABLE","DISCRECIONAL RENTA VARIABLE","<a target='_blank' href='#' >#</a>"
"Junio 2026","BLACKROCK","BLKGLO4","DE RENTA VARIABLE","DISCRECIONAL RENTA VARIABLE","<a target='_blank' href='#' >#</a>"
"Junio 2026","BLACKROCK","BLKGUB1","EN INSTRUMENTOS DE DEUDA","CORTO PLAZO GUBERNAMENTAL","<a target='_blank' href='#' >#</a>"
"Junio 2026","BLACKROCK","BLKGUB3","EN INSTRUMENTOS DE DEUDA","LARGO PLAZO GUBERNAMENTAL","<a target='_blank' href='#' >#</a>"
"Junio 2026","BLACKROCK","BLKINC","DE RENTA VARIABLE","DISCRECIONAL RENTA VARIABLE","<a target='_blank' href='#' >#</a>"
"Junio 2026","BLACKROCK","BLKINT1","DE RENTA VARIABLE","ESPECIALIZADA EN ACCIONES INTERNACIONALES","<a target='_blank' href='#' >#</a>"
"Junio 2026","BLACKROCK","BLKLIQ+","EN INSTRUMENTOS DE DEUDA","CORTO PLAZO","<a target='_blank' href='#' >#</a>"
"Junio 2026","BLACKROCK","BLKMAG","DE RENTA VARIABLE","DISCRECIONAL RENTA VARIABLE","<a target='_blank' href='#' >#</a>"
"Junio 2026","BLACKROCK","BLKMD","EN INSTRUMENTOS DE DEUDA","CORTO PLAZO","<a target='_blank' href='#' >#</a>"
"Junio 2026","BLACKROCK","BLKMED","DE RENTA VARIABLE","ESPECIALIZADA EN ACCIONES MEXICANAS","<a target='_blank' href='#' >#</a>"
"Junio 2026","BLACKROCK","BLKMEGA","DE RENTA VARIABLE","ESPECIALIZADA EN ACCIONES INTERNACIONALES","<a target='_blank' href='#' >#</a>"
"Junio 2026","BLACKROCK","BLKMESG","DE RENTA VARIABLE","ESPECIALIZADA EN ACCIONES MEXICANAS","<a target='_blank' href='#' >#</a>"
"Junio 2026","BLACKROCK","BLKPAT","DE RENTA VARIABLE","ESPECIALIZADA EN ACCIONES MEXICANAS","<a target='_blank' href='#' >#</a>"
"Junio 2026","BLACKROCK","BLKPZO","EN INSTRUMENTOS DE DEUDA","DISCRECIONAL DEUDA","<a target='_blank' href='#' >#</a>"
"Junio 2026","BLACKROCK","BLKRET","DE RENTA VARIABLE","DISCRECIONAL RENTA VARIABLE","<a target='_blank' href='#' >#</a>"
"Junio 2026","BLACKROCK","BLKUDI+","EN INSTRUMENTOS DE DEUDA","LARGO PLAZO TASA REAL","<a target='_blank' href='#' >#</a>"
"Junio 2026","BLACKROCK","BLKUSEQ","DE RENTA VARIABLE","ESPECIALIZADA EN ACCIONES INTERNACIONALES","<a target='_blank' href='#' >#</a>"
"Junio 2026","BLACKROCK","BLKUSLQ","DE RENTA VARIABLE","ESPECIALIZADA EN DEUDA","<a target='_blank' href='#' >#</a>"
"Junio 2026","OFINSA","BONDDIA","EN INSTRUMENTOS DE DEUDA","MEDIANO PLAZO GUBERNAMENTAL","<a target='_blank' href='#' >#</a>"
"Junio 2026","BTGPACTUAL","BTGALFA","DE RENTA VARIABLE","ESPECIALIZADO EN RENTA VARIABLE","<a target='_blank' href='#' >#</a>"
"Junio 2026","OVALMEX","BX+0","EN INSTRUMENTOS DE DEUDA","CORTO PLAZO","<a target='_blank' href='#' >#</a>"
"Junio 2026","OVALMEX","BX+1","EN INSTRUMENTOS DE DEUDA","DISCRECIONAL DEUDA","<a target='_blank' href='#' >#</a>"
"Junio 2026","OVALMEX","BX+2","DE RENTA VARIABLE","DISCRECIONAL RENTA VARIABLE","<a target='_blank' href='#' >#</a>"
"Junio 2026","OVALMEX","BX+3","DE RENTA VARIABLE","DISCRECIONAL RENTA VARIABLE","<a target='_blank' href='#' >#</a>"
"Junio 2026","COMPASS","BX+4","DE RENTA VARIABLE","DISCRECIONAL RENTA VARIABLE","<a target='_blank' href='#' >#</a>"
"Junio 2026","COMPASS","BX+USD","DE RENTA VARIABLE","ESPECIALIZADA EN DEUDA","<a target='_blank' href='#' >#</a>"
"Junio 2026","CIFONDO","CIEQU30","DE RENTA VARIABLE","DISCRECIONAL RENTA VARIABLE","<a target='_blank' href='#' >#</a>"
"Junio 2026","COMPASS","COLRVL","DE RENTA VARIABLE","ESPECIALIZADA EN ACCIONES","<a target='_blank' href='#' >#</a>"
"Junio 2026","OPFFINX","COMMODQ","DE RENTA VARIABLE","ESPECIALIZADO EN RENTA VARIABLE","<a target='_blank' href='#' >#</a>"
"Junio 2026","COMPASS","CRECE+","DE RENTA VARIABLE","ESPECIALIZADA EN ACCIONES","<a target='_blank' href='#' >#</a>"
"Junio 2026","SAM","DEUDAOP","EN INSTRUMENTOS DE DEUDA","DISCRECIONAL DEUDA","<a target='_blank' href='#' >#</a>"
"Junio 2026","OACTIN","DINAMO","DE RENTA VARIABLE","DISCRECIONAL RENTA VARIABLE","<a target='_blank' href='#' >#</a>"
"Junio 2026","OPINBUR","DINBUR1","EN INSTRUMENTOS DE DEUDA","CORTO PLAZO","<a target='_blank' href='#' >#</a>"
"Junio 2026","OPINBUR","DINBUR3","EN INSTRUMENTOS DE DEUDA","LARGO PLAZO","<a target='_blank' href='#' >#</a>"
"Junio 2026","OPFFINX","DYNAMIC","DE RENTA VARIABLE","DISCRECIONAL RENTA VARIABLE","<a target='_blank' href='#' >#</a>"
"Junio 2026","OPGBM","DYNVAL","DE RENTA VARIABLE","DISCRECIONAL RENTA VARIABLE","<a target='_blank' href='#' >#</a>"
"Junio 2026","OFINSA","ENERFIN","DE RENTA VARIABLE","ESPECIALIZADA EN DEUDA","<a target='_blank' href='#' >#</a>"
"Junio 2026","OPFFINX","EQUITY","DE RENTA VARIABLE","ESPECIALIZADO EN RENTA VARIABLE","<a target='_blank' href='#' >#</a>"
"Junio 2026","OACTIN","ESCALA","EN INSTRUMENTOS DE DEUDA","LARGO PLAZO EN INSTRUMENTOS DENOMINADOS EN DOLARES","<a target='_blank' href='#' >#</a>"
"Junio 2026","OACTIN","ESFERA","DE RENTA VARIABLE","ESPECIALIZADO EN RENTA VARIABLE","<a target='_blank' href='#' >#</a>"
"Junio 2026","OPFFINX","FINABLA","DE RENTA VARIABLE","ESPECIALIZADO EN RENTA VARIABLE","<a target='_blank' href='#' >#</a>"
"Junio 2026","OPFFINX","FINAGUB","EN INSTRUMENTOS DE DEUDA","DISCRECIONAL EN GUBERNAMENTAL","<a target='_blank' href='#' >#</a>"
"Junio 2026","OPFFINX","FINALIQ","EN INSTRUMENTOS DE DEUDA","CORTO PLAZO","<a target='_blank' href='#' >#</a>"
"Junio 2026","SCOTIA","FINBOL","DE RENTA VARIABLE","DISCRECIONAL RENTA VARIABLE","<a target='_blank' href='#' >#</a>"
"Junio 2026","SCOTIA","FINDE1","EN INSTRUMENTOS DE DEUDA","MEDIANO PLAZO","<a target='_blank' href='#' >#</a>"
"Junio 2026","SCOTIA","FINDOL1","DE RENTA VARIABLE","DISCRECIONAL RENTA VARIABLE","<a target='_blank' href='#' >#</a>"
"Junio 2026","SCOTIA","FIRMA-E","DE RENTA VARIABLE","DISCRECIONAL RENTA VARIABLE","<a target='_blank' href='#' >#</a>"
"Junio 2026","OPFFINX","FMXCOB","EN INSTRUMENTOS DE DEUDA","CORTO PLAZO EN MONEDA EXTRANJERA","<a target='_blank' href='#' >#</a>"
"Junio 2026","OPFFINX","FMXCOR","EN INSTRUMENTOS DE DEUDA","MEDIANO PLAZO","<a target='_blank' href='#' >#</a>"
"Junio 2026","OPFFINX","FMXFI","EN INSTRUMENTOS DE DEUDA","MEDIANO PLAZO GUBERNAMENTAL","<a target='_blank' href='#' >#</a>"
"Junio 2026","OPFFINX","FMXIND","DE RENTA VARIABLE","ESPECIALIZADA EN ACCIONES INDIZADA AL IPC","<a target='_blank' href='#' >#</a>"
"Junio 2026","OPFFINX","FMXMD","EN INSTRUMENTOS DE DEUDA","CORTO PLAZO GUBERNAMENTAL","<a target='_blank' href='#' >#</a>"
"Junio 2026","OPFFINX","FMXMIX","DE RENTA VARIABLE","ESPECIALIZADO EN RENTA VARIABLE","<a target='_blank' href='#' >#</a>"
"Junio 2026","OPFFINX","FMXPA","DE RENTA VARIABLE","ESPECIALIZADO EN RENTA VARIABLE","<a target='_blank' href='#' >#</a>"
"Junio 2026","OPFFINX","FMXPRE","EN INSTRUMENTOS DE DEUDA","CORTO PLAZO GUBERNAMENTAL","<a target='_blank' href='#' >#</a>"
"Junio 2026","OPFFINX","FMXPZO","EN INSTRUMENTOS DE DEUDA","LARGO PLAZO GUBERNAMENTAL","<a target='_blank' href='#' >#</a>"
"Junio 2026","OPFFINX","FMXRF","EN INSTRUMENTOS DE DEUDA","CORTO PLAZO GUBERNAMENTAL","<a target='_blank' href='#' >#</a>"
"Junio 2026","OPFFINX","FMXSIC","DE RENTA VARIABLE","ESPECIALIZADA EN ACCIONES INTERNACIONALES","<a target='_blank' href='#' >#</a>"
"Junio 2026","OPFFINX","FMXTR","EN INSTRUMENTOS DE DEUDA","LARGO PLAZO TASA REAL","<a target='_blank' href='#' >#</a>"
"Junio 2026","OPFFINX","FMXUSA","DE RENTA VARIABLE","ESPECIALIZADA EN ACCIONES INTERNACIONALES","<a target='_blank' href='#' >#</a>"
"Junio 2026","OPFFINX","FMXUSD","DE RENTA VARIABLE","ESPECIALIZADA EN DEUDA","<a target='_blank' href='#' >#</a>"
"Junio 2026","SURA","FONDEO","EN INSTRUMENTOS DE DEUDA","CORTO PLAZO","<a target='_blank' href='http://www.suraim.com.mx/fondos/2_variable/52713/Prospecto.pdf' >http://www.suraim.com.mx/fondos/2_variable/52713/Prospecto.pdf</a>"
"Junio 2026","SURA","FONDEO","EN INSTRUMENTOS DE DEUDA","CORTO PLAZO","<a target='_blank' href='http://www.suraim.com.mx/fondos/2_variable/52730/Prospecto.pdf' >http://www.suraim.com.mx/fondos/2_variable/52730/Prospecto.pdf</a>"
"Junio 2026","SAM","FONSER1","EN INSTRUMENTOS DE DEUDA","CORTO PLAZO","<a target='_blank' href='#' >#</a>"
"Junio 2026","OPFRANK","FT-BOND","DE RENTA VARIABLE","ESPECIALIZADA EN DEUDA","<a target='_blank' href='#' >#</a>"
"Junio 2026","OPFRANK","FT-BONO","EN INSTRUMENTOS DE DEUDA","LARGO PLAZO","<a target='_blank' href='#' >#</a>"
"Junio 2026","OPFRANK","FT-CORP","EN INSTRUMENTOS DE DEUDA","MEDIANO PLAZO","<a target='_blank' href='#' >#</a>"
"Junio 2026","OPFRANK","FT-DYNA","EN INSTRUMENTOS DE DEUDA","DISCRECIONAL DEUDA","<a target='_blank' href='#' >#</a>"
"Junio 2026","OPFRANK","FT-GLOB","DE RENTA VARIABLE","ESPECIALIZADA EN ACCIONES INTERNACIONALES","<a target='_blank' href='#' >#</a>"
"Junio 2026","OPFRANK","FT-LIQU","EN INSTRUMENTOS DE DEUDA","CORTO PLAZO GUBERNAMENTAL","<a target='_blank' href='#' >#</a>"
"Junio 2026","OPFRANK","FT-MEXA","DE RENTA VARIABLE","DISCRECIONAL RENTA VARIABLE","<a target='_blank' href='#' >#</a>"
"Junio 2026","OPFRANK","FT-REAL","EN INSTRUMENTOS DE DEUDA","DISCRECIONAL DEUDA","<a target='_blank' href='#' >#</a>"
"Junio 2026","OPFRANK","FT-RVA1","DE RENTA VARIABLE","ESPECIALIZADO EN RENTA VARIABLE","<a target='_blank' href='#' >#</a>"
"Junio 2026","OPFRANK","FT-USA1","DE RENTA VARIABLE","ESPECIALIZADA EN ACCIONES DEL MERCADO DE LOS EUA","<a target='_blank' href='#' >#</a>"
"Junio 2026","OPGBM","GBM102","DE RENTA VARIABLE","DISCRECIONAL RENTA VARIABLE","<a target='_blank' href='#' >#</a>"
"Junio 2026","OPGBM","GBM103","DE RENTA VARIABLE","DISCRECIONAL RENTA VARIABLE","<a target='_blank' href='#' >#</a>"
"Junio 2026","OPGBM","GBM104","DE RENTA VARIABLE","DISCRECIONAL RENTA VARIABLE","<a target='_blank' href='#' >#</a>"
"Junio 2026","OPGBM","GBM105","DE RENTA VARIABLE","DISCRECIONAL RENTA VARIABLE","<a target='_blank' href='#' >#</a>"
"Junio 2026","OPGBM","GBM106","DE RENTA VARIABLE","DISCRECIONAL RENTA VARIABLE","<a target='_blank' href='#' >#</a>"
"Junio 2026","OPGBM","GBM110","DE RENTA VARIABLE","ESPECIALIZADO EN RENTA VARIABLE","<a target='_blank' href='#' >#</a>"
"Junio 2026","OPGBM","GBM112","DE RENTA VARIABLE","ESPECIALIZADA EN ACCIONES LATINOAMERICANAS","<a target='_blank' href='#' >#</a>"
"Junio 2026","OPGBM","GBM113","DE RENTA VARIABLE","DISCRECIONAL RENTA VARIABLE","<a target='_blank' href='#' >#</a>"
"Junio 2026","OPGBM","GBM114","DE RENTA VARIABLE","DISCRECIONAL RENTA VARIABLE","<a target='_blank' href='#' >#</a>"
"Junio 2026","OPGBM","GBM116","DE RENTA VARIABLE","DISCRECIONAL RENTA VARIABLE","<a target='_blank' href='#' >#</a>"
"Junio 2026","OPGBM","GBM117","DE RENTA VARIABLE","DISCRECIONAL RENTA VARIABLE","<a target='_blank' href='#' >#</a>"
"Junio 2026","OPGBM","GBM118","DE RENTA VARIABLE","DISCRECIONAL RENTA VARIABLE","<a target='_blank' href='#' >#</a>"
"Junio 2026","OPGBM","GBM119","DE RENTA VARIABLE","DISCRECIONAL RENTA VARIABLE","<a target='_blank' href='#' >#</a>"
"Junio 2026","OPGBM","GBM120","DE RENTA VARIABLE","DISCRECIONAL RENTA VARIABLE","<a target='_blank' href='#' >#</a>"
"Junio 2026","OPGBM","GBM121","DE RENTA VARIABLE","DISCRECIONAL RENTA VARIABLE","<a target='_blank' href='#' >#</a>"
"Junio 2026","OPGBM","GBMAAA","DE RENTA VARIABLE","DISCRECIONAL RENTA VARIABLE","<a target='_blank' href='#' >#</a>"
"Junio 2026","OPGBM","GBMAGR","DE RENTA VARIABLE","ESPECIALIZADA EN ACCIONES","<a target='_blank' href='#' >#</a>"
"Junio 2026","OPGBM","GBMALFA","DE RENTA VARIABLE","DISCRECIONAL RENTA VARIABLE","<a target='_blank' href='#' >#</a>"
"Junio 2026","OPGBM","GBMCASH","DE RENTA VARIABLE","ESPECIALIZADA EN ACCIONES INTERNACIONALES","<a target='_blank' href='#' >#</a>"
"Junio 2026","OPGBM","GBMCRE","DE RENTA VARIABLE","DISCRECIONAL RENTA VARIABLE","<a target='_blank' href='#' >#</a>"
"Junio 2026","OPGBM","GBMDINT","DE RENTA VARIABLE","ESPECIALIZADA EN ACCIONES","<a target='_blank' href='#' >#</a>"
"Junio 2026","OPGBM","GBMDIV2","DE RENTA VARIABLE","DISCRECIONAL RENTA VARIABLE","<a target='_blank' href='#' >#</a>"
"Junio 2026","OPGBM","GBMDOL","DE RENTA VARIABLE","DISCRECIONAL RENTA VARIABLE","<a target='_blank' href='#' >#</a>"
"Junio 2026","OPGBM","GBMF2","EN INSTRUMENTOS DE DEUDA","CORTO PLAZO","<a target='_blank' href='#' >#</a>"
"Junio 2026","OPGBM","GBMF3","EN INSTRUMENTOS DE DEUDA","DISCRECIONAL DEUDA","<a target='_blank' href='#' >#</a>"
"Junio 2026","OPGBM","GBMGLB","DE RENTA VARIABLE","DISCRECIONAL RENTA VARIABLE","<a target='_blank' href='#' >#</a>"
"Junio 2026","OPGBM","GBMGUB","EN INSTRUMENTOS DE DEUDA","DISCRECIONAL EN GUBERNAMENTAL","<a target='_blank' href='#' >#</a>"
"Junio 2026","OPGBM","GBMGUBL","EN INSTRUMENTOS DE DEUDA","CORTO PLAZO GUBERNAMENTAL","<a target='_blank' href='#' >#</a>"
"Junio 2026","OPGBM","GBMINT","DE RENTA VARIABLE","ESPECIALIZADA EN ACCIONES INTERNACIONALES","<a target='_blank' href='#' >#</a>"
"Junio 2026","OPGBM","GBMM3","EN INSTRUMENTOS DE DEUDA","DISCRECIONAL DEUDA","<a target='_blank' href='#' >#</a>"
"Junio 2026","OPGBM","GBMMOD","DE RENTA VARIABLE","ESPECIALIZADA EN ACCIONES","<a target='_blank' href='#' >#</a>"
"Junio 2026","OPGBM","GBMNEAR","DE RENTA VARIABLE","ESPECIALIZADA EN FIBRAS","<a target='_blank' href='#' >#</a>"
"Junio 2026","OPGBM","GBMPAT","EN INSTRUMENTOS DE DEUDA","DISCRECIONAL DEUDA","<a target='_blank' href='#' >#</a>"
"Junio 2026","OPGBM","GBMPBOL","DE RENTA VARIABLE","ESPECIALIZADA EN ACCIONES A TRAVES DE S.I.","<a target='_blank' href='#' >#</a>"
"Junio 2026","OPGBM","GBMPCON","DE RENTA VARIABLE","ESPECIALIZADA EN VALORES DE DEUDA A TRAVES DE S.I.","<a target='_blank' href='#' >#</a>"
"Junio 2026","OPGBM","GBMPDEU","DE RENTA VARIABLE","ESPECIALIZADA EN VALORES DE DEUDA A TRAVES DE S.I.","<a target='_blank' href='#' >#</a>"
"Junio 2026","OPGBM","GBMRETO","EN INSTRUMENTOS DE DEUDA","DISCRECIONAL DEUDA","<a target='_blank' href='#' >#</a>"
"Junio 2026","OPGBM","GBMTRV","DE RENTA VARIABLE","ESPECIALIZADA EN ACCIONES A TRAVES DE TRACKERS INTERNACIONALES","<a target='_blank' href='#' >#</a>"
"Junio 2026","OPGBM","GBMUSD","DE RENTA VARIABLE","DISCRECIONAL RENTA VARIABLE","<a target='_blank' href='#' >#</a>"
"Junio 2026","OPGBM","GBMV1","DE RENTA VARIABLE","ESPECIALIZADA EN ACCIONES","<a target='_blank' href='#' >#</a>"
"Junio 2026","OPGBM","GBMV2","DE RENTA VARIABLE","DISCRECIONAL RENTA VARIABLE","<a target='_blank' href='#' >#</a>"
"Junio 2026","PRINPAL","GLREITS","DE RENTA VARIABLE","DISCRECIONAL RENTA VARIABLE","<a target='_blank' href='#' >#</a>"
"Junio 2026","OPGBM","GMP","DE RENTA VARIABLE","DISCRECIONAL RENTA VARIABLE","<a target='_blank' href='#' >#</a>"
"Junio 2026","OPGBM","GMP+","DE RENTA VARIABLE","DISCRECIONAL RENTA VARIABLE","<a target='_blank' href='#' >#</a>"
"Junio 2026","BLACKROCK","GOLD1+","EN INSTRUMENTOS DE DEUDA","CORTO PLAZO","<a target='_blank' href='#' >#</a>"
"Junio 2026","BLACKROCK","GOLD2+","DE RENTA VARIABLE","DISCRECIONAL RENTA VARIABLE","<a target='_blank' href='#' >#</a>"
"Junio 2026","BLACKROCK","GOLD3+","DE RENTA VARIABLE","DISCRECIONAL RENTA VARIABLE","<a target='_blank' href='#' >#</a>"
"Junio 2026","BLACKROCK","GOLD4+","DE RENTA VARIABLE","DISCRECIONAL RENTA VARIABLE","<a target='_blank' href='#' >#</a>"
"Junio 2026","BLACKROCK","GOLD5+","DE RENTA VARIABLE","DISCRECIONAL RENTA VARIABLE","<a target='_blank' href='#' >#</a>"
"Junio 2026","OPGBM","HEYG","DE RENTA VARIABLE","ESPECIALIZADA EN ACCIONES","<a target='_blank' href='#' >#</a>"
"Junio 2026","OPHSBC","HSBC-50","DE RENTA VARIABLE","DISCRECIONAL RENTA VARIABLE","<a target='_blank' href='#' >#</a>"
"Junio 2026","OPHSBC","HSBC-60","DE RENTA VARIABLE","DISCRECIONAL RENTA VARIABLE","<a target='_blank' href='#' >#</a>"
"Junio 2026","OPHSBC","HSBC-70","DE RENTA VARIABLE","DISCRECIONAL RENTA VARIABLE","<a target='_blank' href='#' >#</a>"
"Junio 2026","OPHSBC","HSBC-80","DE RENTA VARIABLE","DISCRECIONAL RENTA VARIABLE","<a target='_blank' href='#' >#</a>"
"Junio 2026","OPHSBC","HSBC-90","DE RENTA VARIABLE","DISCRECIONAL RENTA VARIABLE","<a target='_blank' href='#' >#</a>"
"Junio 2026","OPHSBC","HSBC-D2","EN INSTRUMENTOS DE DEUDA","CORTO PLAZO","<a target='_blank' href='#' >#</a>"
"Junio 2026","OPHSBC","HSBC-F1","EN INSTRUMENTOS DE DEUDA","CORTO PLAZO ESPECIALIZADA EN ACCIONES DE S.I.","<a target='_blank' href='#' >#</a>"
"Junio 2026","OPHSBC","HSBCBAL","DE RENTA VARIABLE","DISCRECIONAL RENTA VARIABLE","<a target='_blank' href='#' >#</a>"
"Junio 2026","OPHSBC","HSBCCOR","EN INSTRUMENTOS DE DEUDA","DISCRECIONAL DEUDA","<a target='_blank' href='#' >#</a>"
"Junio 2026","OPHSBC","HSBCCRE","DE RENTA VARIABLE","DISCRECIONAL RENTA VARIABLE","<a target='_blank' href='#' >#</a>"
"Junio 2026","OPHSBC","HSBCDC+","EN INSTRUMENTOS DE DEUDA","CORTO PLAZO","<a target='_blank' href='#' >#</a>"
"Junio 2026","OPHSBC","HSBCDGP","DE RENTA VARIABLE","DISCRECIONAL RENTA VARIABLE","<a target='_blank' href='#' >#</a>"
"Junio 2026","OPHSBC","HSBCDLP","EN INSTRUMENTOS DE DEUDA","DISCRECIONAL DEUDA","<a target='_blank' href='#' >#</a>"
"Junio 2026","OPHSBC","HSBCDOL","DE RENTA VARIABLE","ESPECIALIZADA EN DEUDA","<a target='_blank' href='#' >#</a>"
"Junio 2026","OPHSBC","HSBCGLE","DE RENTA VARIABLE","ESPECIALIZADA EN ACCIONES INTERNACIONALES","<a target='_blank' href='#' >#</a>"
"Junio 2026","OPHSBC","HSBCGOB","EN INSTRUMENTOS DE DEUDA","CORTO PLAZO GUBERNAMENTAL","<a target='_blank' href='#' >#</a>"
"Junio 2026","OPHSBC","HSBCMDL","DE RENTA VARIABLE","DISCRECIONAL RENTA VARIABLE","<a target='_blank' href='#' >#</a>"
"Junio 2026","OPHSBC","HSBCMED","EN INSTRUMENTOS DE DEUDA","DISCRECIONAL DEUDA","<a target='_blank' href='#' >#</a>"
"Junio 2026","OPHSBC","HSBCMEX","DE RENTA VARIABLE","ESPECIALIZADO EN RENTA VARIABLE","<a target='_blank' href='#' >#</a>"
"Junio 2026","OPHSBC","HSBCPRA","DE RENTA VARIABLE","DISCRECIONAL RENTA VARIABLE","<a target='_blank' href='#' >#</a>"
"Junio 2026","OPHSBC","HSBCSGE","DE RENTA VARIABLE","ESPECIALIZADA EN ACCIONES A TRAVES DE S.I.","<a target='_blank' href='#' >#</a>"
"Junio 2026","OPHSBC","HSBCUSA","DE RENTA VARIABLE","ESPECIALIZADA EN ACCIONES INTERNACIONALES","<a target='_blank' href='#' >#</a>"
"Junio 2026","OPHSBC","HSBGOB2","EN INSTRUMENTOS DE DEUDA","LARGO PLAZO GUBERNAMENTAL","<a target='_blank' href='#' >#</a>"
"Junio 2026","COMPASS","I+CORP","EN INSTRUMENTOS DE DEUDA","DISCRECIONAL DEUDA","<a target='_blank' href='#' >#</a>"
"Junio 2026","COMPASS","I+GLOBV","DE RENTA VARIABLE","ESPECIALIZADA EN ACCIONES INTERNACIONALES","<a target='_blank' href='#' >#</a>"
"Junio 2026","COMPASS","I+GUBER","EN INSTRUMENTOS DE DEUDA","DISCRECIONAL EN GUBERNAMENTAL","<a target='_blank' href='#' >#</a>"
"Junio 2026","COMPASS","I+LIQG","EN INSTRUMENTOS DE DEUDA","CORTO PLAZO GUBERNAMENTAL","<a target='_blank' href='#' >#</a>"
"Junio 2026","COMPASS","I+USD","DE RENTA VARIABLE","ESPECIALIZADA EN DEUDA","<a target='_blank' href='#' >#</a>"
"Junio 2026","OPINBUR","IBUPLUS","DE RENTA VARIABLE","DISCRECIONAL RENTA VARIABLE","<a target='_blank' href='#' >#</a>"
"Junio 2026","COMPASS","IDEA","DE RENTA VARIABLE","DISCRECIONAL RENTA VARIABLE","<a target='_blank' href='#' >#</a>"
"Junio 2026","OACTIN","IMPULSA","DE RENTA VARIABLE","DISCRECIONAL RENTA VARIABLE","<a target='_blank' href='#' >#</a>"
"Junio 2026","OPINBUR","INBUINT","DE RENTA VARIABLE","DISCRECIONAL RENTA VARIABLE","<a target='_blank' href='#' >#</a>"
"Junio 2026","OPINBUR","INBUMAX","EN INSTRUMENTOS DE DEUDA","CORTO PLAZO","<a target='_blank' href='#' >#</a>"
"Junio 2026","OPINBUR","INBUREX","EN INSTRUMENTOS DE DEUDA","DISCRECIONAL EN TASAS","<a target='_blank' href='#' >#</a>"
"Junio 2026","OPINBUR","INBURSA","DE RENTA VARIABLE","DISCRECIONAL RENTA VARIABLE","<a target='_blank' href='#' >#</a>"
"Junio 2026","OPFFINX","INCOME","EN INSTRUMENTOS DE DEUDA","DISCRECIONAL DEUDA","<a target='_blank' href='#' >#</a>"
"Junio 2026","OPINVEX","INVEXBE","DE RENTA VARIABLE","DISCRECIONAL RENTA VARIABLE","<a target='_blank' href='#' >#</a>"
"Junio 2026","OPINVEX","INVEXCO","EN INSTRUMENTOS DE DEUDA","CORTO PLAZO EN DOLARES","<a target='_blank' href='#' >#</a>"
"Junio 2026","OPINVEX","INVEXCP","EN INSTRUMENTOS DE DEUDA","CORTO PLAZO","<a target='_blank' href='#' >#</a>"
"Junio 2026","OPINVEX","INVEXDO","DE RENTA VARIABLE","ESPECIALIZADA EN DEUDA","<a target='_blank' href='#' >#</a>"
"Junio 2026","OPINVEX","INVEXGU","EN INSTRUMENTOS DE DEUDA","CORTO PLAZO GUBERNAMENTAL","<a target='_blank' href='#' >#</a>"
"Junio 2026","OPINVEX","INVEXIN","DE RENTA VARIABLE","ESPECIALIZADO EN RENTA VARIABLE","<a target='_blank' href='#' >#</a>"
"Junio 2026","OPINVEX","INVEXLP","EN INSTRUMENTOS DE DEUDA","LARGO PLAZO GUBERNAMENTAL","<a target='_blank' href='#' >#</a>"
"Junio 2026","OPINVEX","INVEXMP","EN INSTRUMENTOS DE DEUDA","MEDIANO PLAZO","<a target='_blank' href='#' >#</a>"
"Junio 2026","OPINVEX","INVEXMX","DE RENTA VARIABLE","ESPECIALIZADA EN ACCIONES MEXICANAS","<a target='_blank' href='#' >#</a>"
"Junio 2026","OPINVEX","INVEXPH","DE RENTA VARIABLE","ESPECIALIZADA EN DEUDA","<a target='_blank' href='#' >#</a>"
"Junio 2026","OPINVEX","INVEXTK","DE RENTA VARIABLE","ESPECIALIZADA EN ACCIONES INTERNACIONALES","<a target='_blank' href='#' >#</a>"
"Junio 2026","OACTIN","JPMRVUS","DE RENTA VARIABLE","DISCRECIONAL RENTA VARIABLE","<a target='_blank' href='#' >#</a>"
"Junio 2026","PRINPAL","LIQUIDO","EN INSTRUMENTOS DE DEUDA","CORTO PLAZO","<a target='_blank' href='#' >#</a>"
"Junio 2026","OACTIN","MAXIMO","EN INSTRUMENTOS DE DEUDA","MEDIANO PLAZO","<a target='_blank' href='#' >#</a>"
"Junio 2026","OACTIN","MAYA","DE RENTA VARIABLE","ESPECIALIZADO EN RENTA VARIABLE","<a target='_blank' href='#' >#</a>"
"Junio 2026","SCOTIA","MG-INTL","DE RENTA VARIABLE","ESPECIALIZADA EN ACCIONES INTERANCIONALES A TRAVES DE S.I.","<a target='_blank' href='#' >#</a>"
"Junio 2026","OPMIFEL","MIFIPC","DE RENTA VARIABLE","ESPECIALIZADA EN ACCIONES INDIZADA AL IPC","<a target='_blank' href='#' >#</a>"
"Junio 2026","OPMIFEL","MIFMOD","DE RENTA VARIABLE","DISCRECIONAL RENTA VARIABLE","<a target='_blank' href='#' >#</a>"
"Junio 2026","OPMONEX","MONEX28","EN INSTRUMENTOS DE DEUDA","CORTO PLAZO","<a target='_blank' href='#' >#</a>"
"Junio 2026","OPMONEX","MONEXCP","EN INSTRUMENTOS DE DEUDA","CORTO PLAZO GUBERNAMENTAL","<a target='_blank' href='#' >#</a>"
"Junio 2026","OPMONEX","MONEXCR","DE RENTA VARIABLE","ESPECIALIZADA EN ACCIONES","<a target='_blank' href='#' >#</a>"
"Junio 2026","OPMONEX","MONEXG","DE RENTA VARIABLE","DISCRECIONAL RENTA VARIABLE","<a target='_blank' href='#' >#</a>"
"Junio 2026","OPMONEX","MONEXM+","EN INSTRUMENTOS DE DEUDA","MEDIANO PLAZO","<a target='_blank' href='#' >#</a>"
"Junio 2026","OPMONEX","MONXESG","DE RENTA VARIABLE","DISCRECIONAL RENTA VARIABLE","<a target='_blank' href='#' >#</a>"
"Junio 2026","OPGBM","MPAGORF","EN INSTRUMENTOS DE DEUDA","CORTO PLAZO","<a target='_blank' href='#' >#</a>"
"Junio 2026","MVOPE","MULTIAR","EN INSTRUMENTOS DE DEUDA","LARGO PLAZO","<a target='_blank' href='#' >#</a>"
"Junio 2026","MVOPE","MULTIBA","DE RENTA VARIABLE","MAYORITARIAMENTE EN VALORES DE DEUDA","<a target='_blank' href='#' >#</a>"
"Junio 2026","MVOPE","MULTIED","DE RENTA VARIABLE","MAYORITARIAMENTE EN RENTA VARIABLE","<a target='_blank' href='#' >#</a>"
"Junio 2026","MVOPE","MULTIEQ","DE RENTA VARIABLE","ESPECIALIZADO EN RENTA VARIABLE","<a target='_blank' href='#' >#</a>"
"Junio 2026","MVOPE","MULTIFA","DE RENTA VARIABLE","MAYORITARIAMENTE EN RENTA VARIABLE","<a target='_blank' href='#' >#</a>"
"Junio 2026","MVOPE","MULTINS","EN INSTRUMENTOS DE DEUDA","MEDIANO PLAZO","<a target='_blank' href='#' >#</a>"
"Junio 2026","MVOPE","MULTIPC","DE RENTA VARIABLE","ESPECIALIZADA EN ACCIONES","<a target='_blank' href='#' >#</a>"
"Junio 2026","MVOPE","MULTIRE","EN INSTRUMENTOS DE DEUDA","CORTO PLAZO GUBERNAMENTAL","<a target='_blank' href='#' >#</a>"
"Junio 2026","MVOPE","MULTISI","EN INSTRUMENTOS DE DEUDA","CORTO PLAZO","<a target='_blank' href='#' >#</a>"
"Junio 2026","MVOPE","MULTIUS","EN INSTRUMENTOS DE DEUDA","CORTO PLAZO EN MONEDA EXTRANJERA","<a target='_blank' href='#' >#</a>"
"Junio 2026","MVOPE","MVFANG+","DE RENTA VARIABLE","ESPECIALIZADO EN RENTA VARIABLE","<a target='_blank' href='#' >#</a>"
"Junio 2026","MVOPE","MVJER","EN INSTRUMENTOS DE DEUDA","CORTO PLAZO","<a target='_blank' href='#' >#</a>"
"Junio 2026","OPFFINX","MXRATES","DE RENTA VARIABLE","DISCRECIONAL RENTA VARIABLE","<a target='_blank' href='#' >#</a>"
"Junio 2026","OFINSA","NAF-ESG","DE RENTA VARIABLE","ESPECIALIZADO EN RENTA VARIABLE","<a target='_blank' href='#' >#</a>"
"Junio 2026","OFINSA","NAF-USD","EN INSTRUMENTOS DE DEUDA","CORTO PLAZO EN DOLARES","<a target='_blank' href='#' >#</a>"
"Junio 2026","OFINSA","NAFCDVI","EN INSTRUMENTOS DE DEUDA","MEDIANO PLAZO","<a target='_blank' href='#' >#</a>"
"Junio 2026","OFINSA","NAFCGUB","EN INSTRUMENTOS DE DEUDA","MEDIANO PLAZO","<a target='_blank' href='#' >#</a>"
"Junio 2026","OFINSA","NAFFP28","EN INSTRUMENTOS DE DEUDA","MEDIANO PLAZO GUBERNAMENTAL","<a target='_blank' href='#' >#</a>"
"Junio 2026","OFINSA","NAFG-LP","EN INSTRUMENTOS DE DEUDA","LARGO PLAZO GUBERNAMENTAL","<a target='_blank' href='#' >#</a>"
"Junio 2026","OFINSA","NAFGUBD","EN INSTRUMENTOS DE DEUDA","MEDIANO PLAZO GUBERNAMENTAL","<a target='_blank' href='#' >#</a>"
"Junio 2026","OFINSA","NAFINDX","DE RENTA VARIABLE","ESPECIALIZADA EN ACCIONES INDIZADA AL IPC","<a target='_blank' href='#' >#</a>"
"Junio 2026","OFINSA","NAFINTR","EN INSTRUMENTOS DE DEUDA","MEDIANO PLAZO GUBERNAMENTAL EN UDIS","<a target='_blank' href='#' >#</a>"
"Junio 2026","OFINSA","NAFM-EX","EN INSTRUMENTOS DE DEUDA","MEDIANO PLAZO GUBERNAMENTAL","<a target='_blank' href='#' >#</a>"
"Junio 2026","OFINSA","NAFMEX7","EN INSTRUMENTOS DE DEUDA","MEDIANO PLAZO GUBERNAMENTAL","<a target='_blank' href='#' >#</a>"
"Junio 2026","OPFFINX","NEXTGEN","DE RENTA VARIABLE","DISCRECIONAL RENTA VARIABLE","<a target='_blank' href='#' >#</a>"
"Junio 2026","BANORTE","NTE+EMP","DE RENTA VARIABLE","DISCRECIONAL RENTA VARIABLE","<a target='_blank' href='#' >#</a>"
"Junio 2026","BANORTE","NTE1","DE RENTA VARIABLE","DISCRECIONAL RENTA VARIABLE","<a target='_blank' href='#' >#</a>"
"Junio 2026","BANORTE","NTE2","DE RENTA VARIABLE","DISCRECIONAL RENTA VARIABLE","<a target='_blank' href='#' >#</a>"
"Junio 2026","BANORTE","NTE3","DE RENTA VARIABLE","DISCRECIONAL RENTA VARIABLE","<a target='_blank' href='#' >#</a>"
"Junio 2026","BANORTE","NTEAI","DE RENTA VARIABLE","DISCRECIONAL RENTA VARIABLE","<a target='_blank' href='#' >#</a>"
"Junio 2026","BANORTE","NTECT","EN INSTRUMENTOS DE DEUDA","CORTO PLAZO","<a target='_blank' href='#' >#</a>"
"Junio 2026","BANORTE","NTED","EN INSTRUMENTOS DE DEUDA","MEDIANO PLAZO","<a target='_blank' href='#' >#</a>"
"Junio 2026","BANORTE","NTEDIG","EN INSTRUMENTOS DE DEUDA","CORTO PLAZO","<a target='_blank' href='#' >#</a>"
"Junio 2026","BANORTE","NTEDLS","EN INSTRUMENTOS DE DEUDA","CORTO PLAZO EN MONEDA EXTRANJERA","<a target='_blank' href='#' >#</a>"
"Junio 2026","BANORTE","NTEDLS+","DE RENTA VARIABLE","DISCRECIONAL RENTA VARIABLE","<a target='_blank' href='#' >#</a>"
"Junio 2026","BANORTE","NTEDP","EN INSTRUMENTOS DE DEUDA","MEDIANO PLAZO","<a target='_blank' href='#' >#</a>"
"Junio 2026","BANORTE","NTEESG","DE RENTA VARIABLE","ESPECIALIZADA EN ACCIONES INTERNACIONALES","<a target='_blank' href='#' >#</a>"
"Junio 2026","BANORTE","NTEEURO","EN INSTRUMENTOS DE DEUDA","CORTO PLAZO EN MONEDA EXTRANJERA","<a target='_blank' href='#' >#</a>"
"Junio 2026","BANORTE","NTEGLOB","DE RENTA VARIABLE","DISCRECIONAL RENTA VARIABLE","<a target='_blank' href='#' >#</a>"
"Junio 2026","BANORTE","NTEGUB","EN INSTRUMENTOS DE DEUDA","CORTO PLAZO GUBERNAMENTAL","<a target='_blank' href='#' >#</a>"
"Junio 2026","BANORTE","NTEGUB+","EN INSTRUMENTOS DE DEUDA","CORTO PLAZO GUBERNAMENTAL","<a target='_blank' href='#' >#</a>"
"Junio 2026","BANORTE","NTEINT+","DE RENTA VARIABLE","DISCRECIONAL RENTA VARIABLE","<a target='_blank' href='#' >#</a>"
"Junio 2026","BANORTE","NTEIPC+","DE RENTA VARIABLE","ESPECIALIZADA EN ACCIONES MEXICANAS","<a target='_blank' href='#' >#</a>"
"Junio 2026","BANORTE","NTELP","EN INSTRUMENTOS DE DEUDA","LARGO PLAZO","<a target='_blank' href='#' >#</a>"
"Junio 2026","BANORTE","NTEMP+","EN INSTRUMENTOS DE DEUDA","MEDIANO PLAZO","<a target='_blank' href='#' >#</a>"
"Junio 2026","BANORTE","NTEMPG","EN INSTRUMENTOS DE DEUDA","MEDIANO PLAZO GUBERNAMENTAL","<a target='_blank' href='#' >#</a>"
"Junio 2026","BANORTE","NTEMXN","DE RENTA VARIABLE","DISCRECIONAL RENTA VARIABLE","<a target='_blank' href='#' >#</a>"
"Junio 2026","BANORTE","NTEPZO1","EN INSTRUMENTOS DE DEUDA","CORTO PLAZO","<a target='_blank' href='#' >#</a>"
"Junio 2026","BANORTE","NTEPZO2","EN INSTRUMENTOS DE DEUDA","CORTO PLAZO","<a target='_blank' href='#' >#</a>"
"Junio 2026","BANORTE","NTEPZO3","EN INSTRUMENTOS DE DEUDA","CORTO PLAZO","<a target='_blank' href='#' >#</a>"
"Junio 2026","BANORTE","NTEPZO4","EN INSTRUMENTOS DE DEUDA","CORTO PLAZO","<a target='_blank' href='#' >#</a>"
"Junio 2026","BANORTE","NTERT","DE RENTA VARIABLE","DISCRECIONAL RENTA VARIABLE","<a target='_blank' href='#' >#</a>"
"Junio 2026","BANORTE","NTERTD","EN INSTRUMENTOS DE DEUDA","DISCRECIONAL DEUDA","<a target='_blank' href='#' >#</a>"
"Junio 2026","BANORTE","NTESEL","DE RENTA VARIABLE","ESPECIALIZADA EN ACCIONES","<a target='_blank' href='#' >#</a>"
"Junio 2026","BANORTE","NTETR","EN INSTRUMENTOS DE DEUDA","LARGO PLAZO GUBERNAMENTAL","<a target='_blank' href='#' >#</a>"
"Junio 2026","BANORTE","NTEUSA","DE RENTA VARIABLE","ESPECIALIZADA EN ACCIONES INTERNACIONALES","<a target='_blank' href='#' >#</a>"
"Junio 2026","BANORTE","NTEUSA+","DE RENTA VARIABLE","ESPECIALIZADA EN ACCIONES INTERNACIONALES","<a target='_blank' href='#' >#</a>"
"Junio 2026","OPGBM","NUMC","DE RENTA VARIABLE","DISCRECIONAL RENTA VARIABLE","<a target='_blank' href='#' >#</a>"
"Junio 2026","OACTIN","OPORT1","DE RENTA VARIABLE","DISCRECIONAL RENTA VARIABLE","<a target='_blank' href='#' >#</a>"
"Junio 2026","OACTIN","OPORT2","DE RENTA VARIABLE","DISCRECIONAL RENTA VARIABLE","<a target='_blank' href='#' >#</a>"
"Junio 2026","OACTIN","ORION","EN INSTRUMENTOS DE DEUDA","DISCRECIONAL DEUDA","<a target='_blank' href='#' >#</a>"
"Junio 2026","COMPASS","PAM","DE RENTA VARIABLE","DISCRECIONAL RENTA VARIABLE","<a target='_blank' href='#' >#</a>"
"Junio 2026","PRINPAL","PEMERGE","DE RENTA VARIABLE","ESPECIALIZADA EN ACCIONES INTERNACIONALES","<a target='_blank' href='#' >#</a>"
"Junio 2026","SAM","PORTMAN","DE RENTA VARIABLE","ESPECIALIZADA EN DEUDA","<a target='_blank' href='#' >#</a>"
"Junio 2026","PRINPAL","PRGLOB","DE RENTA VARIABLE","ESPECIALIZADA EN DEUDA","<a target='_blank' href='#' >#</a>"
"Junio 2026","PRINPAL","PRINFGU","EN INSTRUMENTOS DE DEUDA","CORTO PLAZO GUBERNAMENTAL","<a target='_blank' href='#' >#</a>"
"Junio 2026","PRINPAL","PRINFMP","EN INSTRUMENTOS DE DEUDA","MEDIANO PLAZO","<a target='_blank' href='#' >#</a>"
"Junio 2026","PRINPAL","PRINFTR","EN INSTRUMENTOS DE DEUDA","LARGO PLAZO TASA REAL","<a target='_blank' href='#' >#</a>"
"Junio 2026","PRINPAL","PRINGLP","EN INSTRUMENTOS DE DEUDA","LARGO PLAZO GUBERNAMENTAL","<a target='_blank' href='#' >#</a>"
"Junio 2026","PRINPAL","PRINHYD","EN INSTRUMENTOS DE DEUDA","LARGO PLAZO","<a target='_blank' href='#' >#</a>"
"Junio 2026","PRINPAL","PRINLS0","DE RENTA VARIABLE","DISCRECIONAL RENTA VARIABLE","<a target='_blank' href='#' >#</a>"
"Junio 2026","PRINPAL","PRINLS1","DE RENTA VARIABLE","DISCRECIONAL RENTA VARIABLE","<a target='_blank' href='#' >#</a>"
"Junio 2026","PRINPAL","PRINLS2","DE RENTA VARIABLE","DISCRECIONAL RENTA VARIABLE","<a target='_blank' href='#' >#</a>"
"Junio 2026","PRINPAL","PRINLS3","DE RENTA VARIABLE","DISCRECIONAL RENTA VARIABLE","<a target='_blank' href='#' >#</a>"
"Junio 2026","PRINPAL","PRINMAS","EN INSTRUMENTOS DE DEUDA","MEDIANO PLAZO GUBERNAMENTAL","<a target='_blank' href='#' >#</a>"
"Junio 2026","PRINPAL","PRINR25","DE RENTA VARIABLE","DISCRECIONAL RENTA VARIABLE","<a target='_blank' href='#' >#</a>"
"Junio 2026","PRINPAL","PRINR30","DE RENTA VARIABLE","DISCRECIONAL RENTA VARIABLE","<a target='_blank' href='#' >#</a>"
"Junio 2026","PRINPAL","PRINR35","DE RENTA VARIABLE","DISCRECIONAL RENTA VARIABLE","<a target='_blank' href='#' >#</a>"
"Junio 2026","PRINPAL","PRINR45","DE RENTA VARIABLE","DISCRECIONAL RENTA VARIABLE","<a target='_blank' href='#' >#</a>"
"Junio 2026","PRINPAL","PRINR55","DE RENTA VARIABLE","DISCRECIONAL RENTA VARIABLE","<a target='_blank' href='#' >#</a>"
"Junio 2026","PRINPAL","PRINRVA","DE RENTA VARIABLE","ESPECIALIZADA EN ACCIONES","<a target='_blank' href='#' >#</a>"
"Junio 2026","SURA","PROD100","EN INSTRUMENTOS DE DEUDA","DISCRECIONAL DEUDA","<a target='_blank' href='http://www.suraim.com.mx/fondos/2_variable/52713/Prospecto.pdf' >http://www.suraim.com.mx/fondos/2_variable/52713/Prospecto.pdf</a>"
"Junio 2026","SURA","PROD100","EN INSTRUMENTOS DE DEUDA","DISCRECIONAL DEUDA","<a target='_blank' href='http://www.suraim.com.mx/fondos/2_variable/52730/Prospecto.pdf' >http://www.suraim.com.mx/fondos/2_variable/52730/Prospecto.pdf</a>"
"Junio 2026","SURA","PRORV15","DE RENTA VARIABLE","DISCRECIONAL RENTA VARIABLE","<a target='_blank' href='http://www.suraim.com.mx/fondos/2_variable/52713/Prospecto.pdf' >http://www.suraim.com.mx/fondos/2_variable/52713/Prospecto.pdf</a>"
"Junio 2026","SURA","PRORV15","DE RENTA VARIABLE","DISCRECIONAL RENTA VARIABLE","<a target='_blank' href='http://www.suraim.com.mx/fondos/2_variable/52730/Prospecto.pdf' >http://www.suraim.com.mx/fondos/2_variable/52730/Prospecto.pdf</a>"
"Junio 2026","SURA","PRORV45","DE RENTA VARIABLE","DISCRECIONAL RENTA VARIABLE","<a target='_blank' href='http://www.suraim.com.mx/fondos/2_variable/52713/Prospecto.pdf' >http://www.suraim.com.mx/fondos/2_variable/52713/Prospecto.pdf</a>"
"Junio 2026","SURA","PRORV45","DE RENTA VARIABLE","DISCRECIONAL RENTA VARIABLE","<a target='_blank' href='http://www.suraim.com.mx/fondos/2_variable/52730/Prospecto.pdf' >http://www.suraim.com.mx/fondos/2_variable/52730/Prospecto.pdf</a>"
"Junio 2026","SURA","PRORV60","DE RENTA VARIABLE","DISCRECIONAL RENTA VARIABLE","<a target='_blank' href='http://www.suraim.com.mx/fondos/2_variable/52713/Prospecto.pdf' >http://www.suraim.com.mx/fondos/2_variable/52713/Prospecto.pdf</a>"
"Junio 2026","SURA","PRORV60","DE RENTA VARIABLE","DISCRECIONAL RENTA VARIABLE","<a target='_blank' href='http://www.suraim.com.mx/fondos/2_variable/52730/Prospecto.pdf' >http://www.suraim.com.mx/fondos/2_variable/52730/Prospecto.pdf</a>"
"Junio 2026","OACTIN","PROTEGE","DE RENTA VARIABLE","DISCRECIONAL RENTA VARIABLE","<a target='_blank' href='#' >#</a>"
"Junio 2026","SAM","RCOMP-1","EN INSTRUMENTOS DE DEUDA","CORTO PLAZO","<a target='_blank' href='#' >#</a>"
"Junio 2026","SAM","RCOMP-2","EN INSTRUMENTOS DE DEUDA","CORTO PLAZO","<a target='_blank' href='#' >#</a>"
"Junio 2026","SAM","RCOMP-3","EN INSTRUMENTOS DE DEUDA","CORTO PLAZO","<a target='_blank' href='#' >#</a>"
"Junio 2026","SAM","RCOMP-4","EN INSTRUMENTOS DE DEUDA","CORTO PLAZO","<a target='_blank' href='#' >#</a>"
"Junio 2026","SAM","RCOMP-5","EN INSTRUMENTOS DE DEUDA","CORTO PLAZO","<a target='_blank' href='#' >#</a>"
"Junio 2026","SAM","RCOMP-6","EN INSTRUMENTOS DE DEUDA","CORTO PLAZO","<a target='_blank' href='#' >#</a>"
"Junio 2026","SAM","RCOMP-R","EN INSTRUMENTOS DE DEUDA","CORTO PLAZO","<a target='_blank' href='#' >#</a>"
"Junio 2026","OACTIN","REGIO1","EN INSTRUMENTOS DE DEUDA","CORTO PLAZO","<a target='_blank' href='#' >#</a>"
"Junio 2026","OACTIN","REGIO2","EN INSTRUMENTOS DE DEUDA","MEDIANO PLAZO","<a target='_blank' href='#' >#</a>"
"Junio 2026","OPGBM","REGIOB","DE RENTA VARIABLE","MAYORITARIAMENTE EN VALORES DE DEUDA A TRAVES DE S.I.","<a target='_blank' href='#' >#</a>"
"Junio 2026","OPGBM","REGIOC","DE RENTA VARIABLE","MAYORITARIAMENTE EN ACCIONES A TRAVES DE S.I.","<a target='_blank' href='#' >#</a>"
"Junio 2026","OACTIN","REGIOUS","EN INSTRUMENTOS DE DEUDA","CORTO PLAZO EN DOLARES","<a target='_blank' href='#' >#</a>"
"Junio 2026","SURA","RETIRO","EN INSTRUMENTOS DE DEUDA","MEDIANO PLAZO","<a target='_blank' href='http://www.suraim.com.mx/fondos/2_variable/52713/Prospecto.pdf' >http://www.suraim.com.mx/fondos/2_variable/52713/Prospecto.pdf</a>"
"Junio 2026","SURA","RETIRO","EN INSTRUMENTOS DE DEUDA","MEDIANO PLAZO","<a target='_blank' href='http://www.suraim.com.mx/fondos/2_variable/52730/Prospecto.pdf' >http://www.suraim.com.mx/fondos/2_variable/52730/Prospecto.pdf</a>"
"Junio 2026","OACTIN","ROBOTIK","DE RENTA VARIABLE","DISCRECIONAL RENTA VARIABLE","<a target='_blank' href='#' >#</a>"
"Junio 2026","COMPASS","RVMAX1","DE RENTA VARIABLE","DISCRECIONAL RENTA VARIABLE","<a target='_blank' href='#' >#</a>"
"Junio 2026","OACTIN","SALUD","DE RENTA VARIABLE","ESPECIALIZADA EN ACCIONES INTERNACIONALES","<a target='_blank' href='#' >#</a>"
"Junio 2026","SAM","SAM-AF","DE RENTA VARIABLE","DISCRECIONAL RENTA VARIABLE","<a target='_blank' href='#' >#</a>"
"Junio 2026","SAM","SAM-AP","DE RENTA VARIABLE","ESPECIALIZADA EN DEUDA","<a target='_blank' href='#' >#</a>"
"Junio 2026","SAM","SAM-ESG","DE RENTA VARIABLE","ESPECIALIZADA EN ACCIONES","<a target='_blank' href='#' >#</a>"
"Junio 2026","SAM","SAM-FTW","DE RENTA VARIABLE","DISCRECIONAL RENTA VARIABLE","<a target='_blank' href='#' >#</a>"
"Junio 2026","SAM","SAM-HDG","DE RENTA VARIABLE","DISCRECIONAL RENTA VARIABLE","<a target='_blank' href='#' >#</a>"
"Junio 2026","SAM","SAM-RED","DE RENTA VARIABLE","ESPECIALIZADA EN ACCIONES INTERNACIONALES","<a target='_blank' href='#' >#</a>"
"Junio 2026","SAM","SAM-RFG","DE RENTA VARIABLE","ESPECIALIZADA EN DEUDA","<a target='_blank' href='#' >#</a>"
"Junio 2026","SAM","SAM-RVG","DE RENTA VARIABLE","DISCRECIONAL RENTA VARIABLE","<a target='_blank' href='#' >#</a>"
"Junio 2026","SAM","SAM-SHR","DE RENTA VARIABLE","DISCRECIONAL RENTA VARIABLE","<a target='_blank' href='#' >#</a>"
"Junio 2026","SAM","SAM-SP","DE RENTA VARIABLE","ESPECIALIZADA EN ACCIONES INTERNACIONALES","<a target='_blank' href='#' >#</a>"
"Junio 2026","SAM","SAM-UMS","DE RENTA VARIABLE","DISCRECIONAL RENTA VARIABLE","<a target='_blank' href='#' >#</a>"
"Junio 2026","SAM","SAMBPIA","DE RENTA VARIABLE","DISCRECIONAL RENTA VARIABLE","<a target='_blank' href='#' >#</a>"
"Junio 2026","SAM","SAMBPIC","DE RENTA VARIABLE","DISCRECIONAL RENTA VARIABLE","<a target='_blank' href='#' >#</a>"
"Junio 2026","SAM","SAMCAP0","EN INSTRUMENTOS DE DEUDA","DISCRECIONAL DEUDA","<a target='_blank' href='#' >#</a>"
"Junio 2026","SAM","SAMCAP1","EN INSTRUMENTOS DE DEUDA","DISCRECIONAL DEUDA","<a target='_blank' href='#' >#</a>"
"Junio 2026","SAM","SAMCAP2","EN INSTRUMENTOS DE DEUDA","DISCRECIONAL DEUDA","<a target='_blank' href='#' >#</a>"
"Junio 2026","SAM","SAMCAP3","EN INSTRUMENTOS DE DEUDA","DISCRECIONAL DEUDA","<a target='_blank' href='#' >#</a>"
"Junio 2026","SAM","SAMCAP4","EN INSTRUMENTOS DE DEUDA","DISCRECIONAL DEUDA","<a target='_blank' href='#' >#</a>"
"Junio 2026","SAM","SAMCAP5","EN INSTRUMENTOS DE DEUDA","DISCRECIONAL DEUDA","<a target='_blank' href='#' >#</a>"
"Junio 2026","SAM","SAMCAP6","EN INSTRUMENTOS DE DEUDA","DISCRECIONAL DEUDA","<a target='_blank' href='#' >#</a>"
"Junio 2026","SAM","SAMCAP7","EN INSTRUMENTOS DE DEUDA","DISCRECIONAL DEUDA","<a target='_blank' href='#' >#</a>"
"Junio 2026","SAM","SAMCAP8","EN INSTRUMENTOS DE DEUDA","DISCRECIONAL DEUDA","<a target='_blank' href='#' >#</a>"
"Junio 2026","SAM","SAMCAP9","EN INSTRUMENTOS DE DEUDA","DISCRECIONAL DEUDA","<a target='_blank' href='#' >#</a>"
"Junio 2026","SAM","SAMEME1","DE RENTA VARIABLE","DISCRECIONAL RENTA VARIABLE","<a target='_blank' href='#' >#</a>"
"Junio 2026","SAM","SAMEME2","DE RENTA VARIABLE","DISCRECIONAL RENTA VARIABLE","<a target='_blank' href='#' >#</a>"
"Junio 2026","SAM","SAMEMEC","DE RENTA VARIABLE","DISCRECIONAL RENTA VARIABLE","<a target='_blank' href='#' >#</a>"
"Junio 2026","SAM","SAMUSCP","DE RENTA VARIABLE","DISCRECIONAL RENTA VARIABLE","<a target='_blank' href='#' >#</a>"
"Junio 2026","OPGBM","SAURORT","DE RENTA VARIABLE","DISCRECIONAL RENTA VARIABLE","<a target='_blank' href='#' >#</a>"
"Junio 2026","SCOTIA","SBANKCP","EN INSTRUMENTOS DE DEUDA","CORTO PLAZO","<a target='_blank' href='#' >#</a>"
"Junio 2026","SCOTIA","SBANKDL","EN INSTRUMENTOS DE DEUDA","CORTO PLAZO EN MONEDA EXTRANJERA","<a target='_blank' href='#' >#</a>"
"Junio 2026","SCOTIA","SBANKMP","EN INSTRUMENTOS DE DEUDA","MEDIANO PLAZO","<a target='_blank' href='#' >#</a>"
"Junio 2026","SCOTIA","SCOT-29","DE RENTA VARIABLE","DISCRECIONAL RENTA VARIABLE","<a target='_blank' href='#' >#</a>"
"Junio 2026","SCOTIA","SCOT-36","DE RENTA VARIABLE","DISCRECIONAL RENTA VARIABLE","<a target='_blank' href='#' >#</a>"
"Junio 2026","SCOTIA","SCOT-43","DE RENTA VARIABLE","DISCRECIONAL RENTA VARIABLE","<a target='_blank' href='#' >#</a>"
"Junio 2026","SCOTIA","SCOT-50","DE RENTA VARIABLE","DISCRECIONAL RENTA VARIABLE","<a target='_blank' href='#' >#</a>"
"Junio 2026","SCOTIA","SCOT-57","DE RENTA VARIABLE","DISCRECIONAL RENTA VARIABLE","<a target='_blank' href='#' >#</a>"
"Junio 2026","SCOTIA","SCOT-FR","DE RENTA VARIABLE","ESPECIALIZADO EN RENTA VARIABLE","<a target='_blank' href='#' >#</a>"
"Junio 2026","SCOTIA","SCOT-FX","DE RENTA VARIABLE","ESPECIALIZADA EN DEUDA","<a target='_blank' href='#' >#</a>"
"Junio 2026","SCOTIA","SCOT-LB","DE RENTA VARIABLE","ESPECIALIZADA EN ACCIONES INTERNACIONALES","<a target='_blank' href='#' >#</a>"
"Junio 2026","SCOTIA","SCOT-RV","DE RENTA VARIABLE","DISCRECIONAL RENTA VARIABLE","<a target='_blank' href='#' >#</a>"
"Junio 2026","SCOTIA","SCOT-TR","EN INSTRUMENTOS DE DEUDA","MEDIANO PLAZO TASA REAL","<a target='_blank' href='#' >#</a>"
"Junio 2026","SCOTIA","SCOT100","DE RENTA VARIABLE","DISCRECIONAL RENTA VARIABLE","<a target='_blank' href='#' >#</a>"
"Junio 2026","SCOTIA","SCOT200","EN INSTRUMENTOS DE DEUDA","DISCRECIONAL DEUDA","<a target='_blank' href='#' >#</a>"
"Junio 2026","SCOTIA","SCOTCAN","DE RENTA VARIABLE","ESPECIALIZADO EN RENTA VARIABLE","<a target='_blank' href='#' >#</a>"
"Junio 2026","SCOTIA","SCOTD+1","EN INSTRUMENTOS DE DEUDA","CORTO PLAZO","<a target='_blank' href='#' >#</a>"
"Junio 2026","SCOTIA","SCOTD+2","EN INSTRUMENTOS DE DEUDA","CORTO PLAZO","<a target='_blank' href='#' >#</a>"
"Junio 2026","SCOTIA","SCOTD+3","EN INSTRUMENTOS DE DEUDA","CORTO PLAZO","<a target='_blank' href='#' >#</a>"
"Junio 2026","SCOTIA","SCOTD+4","EN INSTRUMENTOS DE DEUDA","CORTO PLAZO","<a target='_blank' href='#' >#</a>"
"Junio 2026","SCOTIA","SCOTD+5","EN INSTRUMENTOS DE DEUDA","CORTO PLAZO","<a target='_blank' href='#' >#</a>"
"Junio 2026","SCOTIA","SCOTD+6","EN INSTRUMENTOS DE DEUDA","CORTO PLAZO","<a target='_blank' href='#' >#</a>"
"Junio 2026","SCOTIA","SCOTDA+","EN INSTRUMENTOS DE DEUDA","CORTO PLAZO","<a target='_blank' href='#' >#</a>"
"Junio 2026","SCOTIA","SCOTDGH","EN INSTRUMENTOS DE DEUDA","LARGO PLAZO","<a target='_blank' href='#' >#</a>"
"Junio 2026","SCOTIA","SCOTDIH","DE RENTA VARIABLE","ESPECIALIZADA EN DEUDA","<a target='_blank' href='#' >#</a>"
"Junio 2026","SCOTIA","SCOTDL+","DE RENTA VARIABLE","ESPECIALIZADA EN DEUDA","<a target='_blank' href='#' >#</a>"
"Junio 2026","SCOTIA","SCOTDOL","DE RENTA VARIABLE","ESPECIALIZADA EN DEUDA","<a target='_blank' href='#' >#</a>"
"Junio 2026","SCOTIA","SCOTDVC","DE RENTA VARIABLE","DISCRECIONAL RENTA VARIABLE","<a target='_blank' href='#' >#</a>"
"Junio 2026","SCOTIA","SCOTEUR","DE RENTA VARIABLE","DISCRECIONAL RENTA VARIABLE","<a target='_blank' href='#' >#</a>"
"Junio 2026","SCOTIA","SCOTGL+","DE RENTA VARIABLE","ESPECIALIZADA EN ACCIONES INTERNACIONALES","<a target='_blank' href='#' >#</a>"
"Junio 2026","SCOTIA","SCOTGLO","DE RENTA VARIABLE","ESPECIALIZADA EN ACCIONES INTERNACIONALES","<a target='_blank' href='#' >#</a>"
"Junio 2026","SCOTIA","SCOTI10","EN INSTRUMENTOS DE DEUDA","MEDIANO PLAZO","<a target='_blank' href='#' >#</a>"
"Junio 2026","SCOTIA","SCOTIA1","EN INSTRUMENTOS DE DEUDA","CORTO PLAZO","<a target='_blank' href='#' >#</a>"
"Junio 2026","SCOTIA","SCOTIA2","EN INSTRUMENTOS DE DEUDA","MEDIANO PLAZO","<a target='_blank' href='#' >#</a>"
"Junio 2026","SCOTIA","SCOTIAG","EN INSTRUMENTOS DE DEUDA","CORTO PLAZO GUBERNAMENTAL","<a target='_blank' href='#' >#</a>"
"Junio 2026","SCOTIA","SCOTILP","EN INSTRUMENTOS DE DEUDA","LARGO PLAZO","<a target='_blank' href='#' >#</a>"
"Junio 2026","SCOTIA","SCOTIMB","EN INSTRUMENTOS DE DEUDA","DISCRECIONAL DEUDA","<a target='_blank' href='#' >#</a>"
"Junio 2026","SCOTIA","SCOTLPG","EN INSTRUMENTOS DE DEUDA","LARGO PLAZO GUBERNAMENTAL","<a target='_blank' href='#' >#</a>"
"Junio 2026","SCOTIA","SCOTMA1","DE RENTA VARIABLE","DISCRECIONAL RENTA VARIABLE","<a target='_blank' href='#' >#</a>"
"Junio 2026","SCOTIA","SCOTMA2","DE RENTA VARIABLE","DISCRECIONAL RENTA VARIABLE","<a target='_blank' href='#' >#</a>"
"Junio 2026","SCOTIA","SCOTMA3","DE RENTA VARIABLE","DISCRECIONAL RENTA VARIABLE","<a target='_blank' href='#' >#</a>"
"Junio 2026","SCOTIA","SCOTRET","DE RENTA VARIABLE","ESPECIALIZADA EN DEUDA","<a target='_blank' href='#' >#</a>"
"Junio 2026","SCOTIA","SCOTUDI","EN INSTRUMENTOS DE DEUDA","LARGO PLAZO GUBERNAMENTAL","<a target='_blank' href='#' >#</a>"
"Junio 2026","SCOTIA","SCOTUSA","DE RENTA VARIABLE","ESPECIALIZADA EN ACCIONES INTERNACIONALES","<a target='_blank' href='#' >#</a>"
"Junio 2026","SKANDIA","SK-DCP","EN INSTRUMENTOS DE DEUDA","CORTO PLAZO","<a target='_blank' href='#' >#</a>"
"Junio 2026","SKANDIA","SK-DEST","EN INSTRUMENTOS DE DEUDA","MEDIANO PLAZO","<a target='_blank' href='#' >#</a>"
"Junio 2026","SKANDIA","SK-GUB","EN INSTRUMENTOS DE DEUDA","CORTO PLAZO GUBERNAMENTAL","<a target='_blank' href='#' >#</a>"
"Junio 2026","SKANDIA","SK-RVMX","DE RENTA VARIABLE","ESPECIALIZADA EN ACCIONES MEXICANAS","<a target='_blank' href='#' >#</a>"
"Junio 2026","SKANDIA","SK-RVST","DE RENTA VARIABLE","ESPECIALIZADA EN ACCIONES INTERNACIONALES","<a target='_blank' href='#' >#</a>"
"Junio 2026","SAM","SMX-50","EN INSTRUMENTOS DE DEUDA","MEDIANO PLAZO","<a target='_blank' href='#' >#</a>"
"Junio 2026","SAM","SMX-60","DE RENTA VARIABLE","DISCRECIONAL RENTA VARIABLE","<a target='_blank' href='#' >#</a>"
"Junio 2026","SAM","SMX-70","DE RENTA VARIABLE","DISCRECIONAL RENTA VARIABLE","<a target='_blank' href='#' >#</a>"
"Junio 2026","SAM","SMX-80","DE RENTA VARIABLE","DISCRECIONAL RENTA VARIABLE","<a target='_blank' href='#' >#</a>"
"Junio 2026","SAM","SMX-90","DE RENTA VARIABLE","DISCRECIONAL RENTA VARIABLE","<a target='_blank' href='#' >#</a>"
"Junio 2026","SAM","SMX-CP","EN INSTRUMENTOS DE DEUDA","CORTO PLAZO GUBERNAMENTAL","<a target='_blank' href='#' >#</a>"
"Junio 2026","SAM","SMX-RV","DE RENTA VARIABLE","ESPECIALIZADO EN RENTA VARIABLE","<a target='_blank' href='#' >#</a>"
"Junio 2026","OACTIN","SNX","DE RENTA VARIABLE","DISCRECIONAL RENTA VARIABLE","<a target='_blank' href='#' >#</a>"
"Junio 2026","SAM","ST&ER-1","EN INSTRUMENTOS DE DEUDA","CORTO PLAZO","<a target='_blank' href='#' >#</a>"
"Junio 2026","SAM","ST&ER-5","EN INSTRUMENTOS DE DEUDA","CORTO PLAZO EN MONEDA EXTRANJERA","<a target='_blank' href='#' >#</a>"
"Junio 2026","SAM","ST&ER-7","EN INSTRUMENTOS DE DEUDA","LARGO PLAZO","<a target='_blank' href='#' >#</a>"
"Junio 2026","SAM","ST&ER-C","DE RENTA VARIABLE","ESPECIALIZADA EN ACCIONES","<a target='_blank' href='#' >#</a>"
"Junio 2026","SAM","ST&ERPB","EN INSTRUMENTOS DE DEUDA","CORTO PLAZO","<a target='_blank' href='#' >#</a>"
"Junio 2026","SAM","STER-OP","DE RENTA VARIABLE","DISCRECIONAL RENTA VARIABLE","<a target='_blank' href='#' >#</a>"
"Junio 2026","SAM","STEREAL","EN INSTRUMENTOS DE DEUDA","DISCRECIONAL DEUDA","<a target='_blank' href='#' >#</a>"
"Junio 2026","SAM","STERGOB","EN INSTRUMENTOS DE DEUDA","CORTO PLAZO GUBERNAMENTAL","<a target='_blank' href='#' >#</a>"
"Junio 2026","SAM","STERMXN","DE RENTA VARIABLE","DISCRECIONAL RENTA VARIABLE","<a target='_blank' href='#' >#</a>"
"Junio 2026","SAM","STERNDQ","DE RENTA VARIABLE","ESPECIALIZADA EN ACCIONES INTERNACIONALES","<a target='_blank' href='#' >#</a>"
"Junio 2026","SAM","STERUSD","DE RENTA VARIABLE","ESPECIALIZADA EN DEUDA","<a target='_blank' href='#' >#</a>"
"Junio 2026","COMPASS","STRAT","DE RENTA VARIABLE","DISCRECIONAL RENTA VARIABLE","<a target='_blank' href='#' >#</a>"
"Junio 2026","SAM","STRGOB2","EN INSTRUMENTOS DE DEUDA","CORTO PLAZO GUBERNAMENTAL","<a target='_blank' href='#' >#</a>"
"Junio 2026","SAM","STRIVS1","DE RENTA VARIABLE","DISCRECIONAL RENTA VARIABLE","<a target='_blank' href='#' >#</a>"
"Junio 2026","SAM","STRIVS2","DE RENTA VARIABLE","DISCRECIONAL RENTA VARIABLE","<a target='_blank' href='#' >#</a>"
"Junio 2026","SURA","SUR-FIB","DE RENTA VARIABLE","ESPECIALIZADA EN FIBRAS","<a target='_blank' href='http://www.suraim.com.mx/fondos/2_variable/52713/Prospecto.pdf' >http://www.suraim.com.mx/fondos/2_variable/52713/Prospecto.pdf</a>"
"Junio 2026","SURA","SUR-FIB","DE RENTA VARIABLE","ESPECIALIZADA EN FIBRAS","<a target='_blank' href='http://www.suraim.com.mx/fondos/2_variable/52730/Prospecto.pdf' >http://www.suraim.com.mx/fondos/2_variable/52730/Prospecto.pdf</a>"
"Junio 2026","SURA","SUR-RFI","DE RENTA VARIABLE","ESPECIALIZADA EN DEUDA","<a target='_blank' href='http://www.suraim.com.mx/fondos/2_variable/52713/Prospecto.pdf' >http://www.suraim.com.mx/fondos/2_variable/52713/Prospecto.pdf</a>"
"Junio 2026","SURA","SUR-RFI","DE RENTA VARIABLE","ESPECIALIZADA EN DEUDA","<a target='_blank' href='http://www.suraim.com.mx/fondos/2_variable/52730/Prospecto.pdf' >http://www.suraim.com.mx/fondos/2_variable/52730/Prospecto.pdf</a>"
"Junio 2026","SURA","SUR-RV","DE RENTA VARIABLE","ESPECIALIZADO EN RENTA VARIABLE","<a target='_blank' href='http://www.suraim.com.mx/fondos/2_variable/52713/Prospecto.pdf' >http://www.suraim.com.mx/fondos/2_variable/52713/Prospecto.pdf</a>"
"Junio 2026","SURA","SUR-RV","DE RENTA VARIABLE","ESPECIALIZADO EN RENTA VARIABLE","<a target='_blank' href='http://www.suraim.com.mx/fondos/2_variable/52730/Prospecto.pdf' >http://www.suraim.com.mx/fondos/2_variable/52730/Prospecto.pdf</a>"
"Junio 2026","SURA","SUR-USA","DE RENTA VARIABLE","ESPECIALIZADO EN RENTA VARIABLE","<a target='_blank' href='http://www.suraim.com.mx/fondos/2_variable/52713/Prospecto.pdf' >http://www.suraim.com.mx/fondos/2_variable/52713/Prospecto.pdf</a>"
"Junio 2026","SURA","SUR-USA","DE RENTA VARIABLE","ESPECIALIZADO EN RENTA VARIABLE","<a target='_blank' href='http://www.suraim.com.mx/fondos/2_variable/52730/Prospecto.pdf' >http://www.suraim.com.mx/fondos/2_variable/52730/Prospecto.pdf</a>"
"Junio 2026","SURA","SUR1E","EN INSTRUMENTOS DE DEUDA","CORTO PLAZO","<a target='_blank' href='http://www.suraim.com.mx/fondos/2_variable/52713/Prospecto.pdf' >http://www.suraim.com.mx/fondos/2_variable/52713/Prospecto.pdf</a>"
"Junio 2026","SURA","SUR1E","EN INSTRUMENTOS DE DEUDA","CORTO PLAZO","<a target='_blank' href='http://www.suraim.com.mx/fondos/2_variable/52730/Prospecto.pdf' >http://www.suraim.com.mx/fondos/2_variable/52730/Prospecto.pdf</a>"
"Junio 2026","SURA","SUR2018","EN INSTRUMENTOS DE DEUDA","MEDIANO PLAZO","<a target='_blank' href='http://www.suraim.com.mx/fondos/2_variable/52713/Prospecto.pdf' >http://www.suraim.com.mx/fondos/2_variable/52713/Prospecto.pdf</a>"
"Junio 2026","SURA","SUR2018","EN INSTRUMENTOS DE DEUDA","MEDIANO PLAZO","<a target='_blank' href='http://www.suraim.com.mx/fondos/2_variable/52730/Prospecto.pdf' >http://www.suraim.com.mx/fondos/2_variable/52730/Prospecto.pdf</a>"
"Junio 2026","SURA","SUR2026","DE RENTA VARIABLE","DISCRECIONAL RENTA VARIABLE","<a target='_blank' href='http://www.suraim.com.mx/fondos/2_variable/52713/Prospecto.pdf' >http://www.suraim.com.mx/fondos/2_variable/52713/Prospecto.pdf</a>"
"Junio 2026","SURA","SUR2026","DE RENTA VARIABLE","DISCRECIONAL RENTA VARIABLE","<a target='_blank' href='http://www.suraim.com.mx/fondos/2_variable/52730/Prospecto.pdf' >http://www.suraim.com.mx/fondos/2_variable/52730/Prospecto.pdf</a>"
"Junio 2026","SURA","SUR2034","DE RENTA VARIABLE","DISCRECIONAL RENTA VARIABLE","<a target='_blank' href='http://www.suraim.com.mx/fondos/2_variable/52713/Prospecto.pdf' >http://www.suraim.com.mx/fondos/2_variable/52713/Prospecto.pdf</a>"
"Junio 2026","SURA","SUR2034","DE RENTA VARIABLE","DISCRECIONAL RENTA VARIABLE","<a target='_blank' href='http://www.suraim.com.mx/fondos/2_variable/52730/Prospecto.pdf' >http://www.suraim.com.mx/fondos/2_variable/52730/Prospecto.pdf</a>"
"Junio 2026","SURA","SUR2042","DE RENTA VARIABLE","DISCRECIONAL RENTA VARIABLE","<a target='_blank' href='http://www.suraim.com.mx/fondos/2_variable/52713/Prospecto.pdf' >http://www.suraim.com.mx/fondos/2_variable/52713/Prospecto.pdf</a>"
"Junio 2026","SURA","SUR2042","DE RENTA VARIABLE","DISCRECIONAL RENTA VARIABLE","<a target='_blank' href='http://www.suraim.com.mx/fondos/2_variable/52730/Prospecto.pdf' >http://www.suraim.com.mx/fondos/2_variable/52730/Prospecto.pdf</a>"
"Junio 2026","SURA","SUR2050","DE RENTA VARIABLE","DISCRECIONAL RENTA VARIABLE","<a target='_blank' href='http://www.suraim.com.mx/fondos/2_variable/52713/Prospecto.pdf' >http://www.suraim.com.mx/fondos/2_variable/52713/Prospecto.pdf</a>"
"Junio 2026","SURA","SUR2050","DE RENTA VARIABLE","DISCRECIONAL RENTA VARIABLE","<a target='_blank' href='http://www.suraim.com.mx/fondos/2_variable/52730/Prospecto.pdf' >http://www.suraim.com.mx/fondos/2_variable/52730/Prospecto.pdf</a>"
"Junio 2026","SURA","SUR2058","DE RENTA VARIABLE","DISCRECIONAL RENTA VARIABLE","<a target='_blank' href='http://www.suraim.com.mx/fondos/2_variable/52713/Prospecto.pdf' >http://www.suraim.com.mx/fondos/2_variable/52713/Prospecto.pdf</a>"
"Junio 2026","SURA","SUR2058","DE RENTA VARIABLE","DISCRECIONAL RENTA VARIABLE","<a target='_blank' href='http://www.suraim.com.mx/fondos/2_variable/52730/Prospecto.pdf' >http://www.suraim.com.mx/fondos/2_variable/52730/Prospecto.pdf</a>"
"Junio 2026","SURA","SUR2066","DE RENTA VARIABLE","DISCRECIONAL RENTA VARIABLE","<a target='_blank' href='http://www.suraim.com.mx/fondos/2_variable/52713/Prospecto.pdf' >http://www.suraim.com.mx/fondos/2_variable/52713/Prospecto.pdf</a>"
"Junio 2026","SURA","SUR2066","DE RENTA VARIABLE","DISCRECIONAL RENTA VARIABLE","<a target='_blank' href='http://www.suraim.com.mx/fondos/2_variable/52730/Prospecto.pdf' >http://www.suraim.com.mx/fondos/2_variable/52730/Prospecto.pdf</a>"
"Junio 2026","SURA","SUR30E","EN INSTRUMENTOS DE DEUDA","LARGO PLAZO","<a target='_blank' href='http://www.suraim.com.mx/fondos/2_variable/52713/Prospecto.pdf' >http://www.suraim.com.mx/fondos/2_variable/52713/Prospecto.pdf</a>"
"Junio 2026","SURA","SUR30E","EN INSTRUMENTOS DE DEUDA","LARGO PLAZO","<a target='_blank' href='http://www.suraim.com.mx/fondos/2_variable/52730/Prospecto.pdf' >http://www.suraim.com.mx/fondos/2_variable/52730/Prospecto.pdf</a>"
"Junio 2026","SURA","SURABS1","EN INSTRUMENTOS DE DEUDA","DISCRECIONAL DEUDA","<a target='_blank' href='http://www.suraim.com.mx/fondos/2_variable/52713/Prospecto.pdf' >http://www.suraim.com.mx/fondos/2_variable/52713/Prospecto.pdf</a>"
"Junio 2026","SURA","SURABS1","EN INSTRUMENTOS DE DEUDA","DISCRECIONAL DEUDA","<a target='_blank' href='http://www.suraim.com.mx/fondos/2_variable/52730/Prospecto.pdf' >http://www.suraim.com.mx/fondos/2_variable/52730/Prospecto.pdf</a>"
"Junio 2026","SURA","SURADOL","EN INSTRUMENTOS DE DEUDA","CORTO PLAZO EN MONEDA EXTRANJERA","<a target='_blank' href='http://www.suraim.com.mx/fondos/2_variable/52713/Prospecto.pdf' >http://www.suraim.com.mx/fondos/2_variable/52713/Prospecto.pdf</a>"
"Junio 2026","SURA","SURADOL","EN INSTRUMENTOS DE DEUDA","CORTO PLAZO EN MONEDA EXTRANJERA","<a target='_blank' href='http://www.suraim.com.mx/fondos/2_variable/52730/Prospecto.pdf' >http://www.suraim.com.mx/fondos/2_variable/52730/Prospecto.pdf</a>"
"Junio 2026","SURA","SURASIA","DE RENTA VARIABLE","DISCRECIONAL RENTA VARIABLE","<a target='_blank' href='http://www.suraim.com.mx/fondos/2_variable/52713/Prospecto.pdf' >http://www.suraim.com.mx/fondos/2_variable/52713/Prospecto.pdf</a>"
"Junio 2026","SURA","SURASIA","DE RENTA VARIABLE","DISCRECIONAL RENTA VARIABLE","<a target='_blank' href='http://www.suraim.com.mx/fondos/2_variable/52730/Prospecto.pdf' >http://www.suraim.com.mx/fondos/2_variable/52730/Prospecto.pdf</a>"
"Junio 2026","SURA","SURB05","EN INSTRUMENTOS DE DEUDA","MEDIANO PLAZO GUBERNAMENTAL","<a target='_blank' href='http://www.suraim.com.mx/fondos/2_variable/52713/Prospecto.pdf' >http://www.suraim.com.mx/fondos/2_variable/52713/Prospecto.pdf</a>"
"Junio 2026","SURA","SURB05","EN INSTRUMENTOS DE DEUDA","MEDIANO PLAZO GUBERNAMENTAL","<a target='_blank' href='http://www.suraim.com.mx/fondos/2_variable/52730/Prospecto.pdf' >http://www.suraim.com.mx/fondos/2_variable/52730/Prospecto.pdf</a>"
"Junio 2026","SURA","SURB10","EN INSTRUMENTOS DE DEUDA","LARGO PLAZO GUBERNAMENTAL","<a target='_blank' href='http://www.suraim.com.mx/fondos/2_variable/52713/Prospecto.pdf' >http://www.suraim.com.mx/fondos/2_variable/52713/Prospecto.pdf</a>"
"Junio 2026","SURA","SURB10","EN INSTRUMENTOS DE DEUDA","LARGO PLAZO GUBERNAMENTAL","<a target='_blank' href='http://www.suraim.com.mx/fondos/2_variable/52730/Prospecto.pdf' >http://www.suraim.com.mx/fondos/2_variable/52730/Prospecto.pdf</a>"
"Junio 2026","SURA","SURCETE","EN INSTRUMENTOS DE DEUDA","CORTO PLAZO GUBERNAMENTAL","<a target='_blank' href='http://www.suraim.com.mx/fondos/2_variable/52713/Prospecto.pdf' >http://www.suraim.com.mx/fondos/2_variable/52713/Prospecto.pdf</a>"
"Junio 2026","SURA","SURCETE","EN INSTRUMENTOS DE DEUDA","CORTO PLAZO GUBERNAMENTAL","<a target='_blank' href='http://www.suraim.com.mx/fondos/2_variable/52730/Prospecto.pdf' >http://www.suraim.com.mx/fondos/2_variable/52730/Prospecto.pdf</a>"
"Junio 2026","SURA","SURCORP","EN INSTRUMENTOS DE DEUDA","MEDIANO PLAZO","<a target='_blank' href='http://www.suraim.com.mx/fondos/2_variable/52713/Prospecto.pdf' >http://www.suraim.com.mx/fondos/2_variable/52713/Prospecto.pdf</a>"
"Junio 2026","SURA","SURCORP","EN INSTRUMENTOS DE DEUDA","MEDIANO PLAZO","<a target='_blank' href='http://www.suraim.com.mx/fondos/2_variable/52730/Prospecto.pdf' >http://www.suraim.com.mx/fondos/2_variable/52730/Prospecto.pdf</a>"
"Junio 2026","SURA","SURGLOB","DE RENTA VARIABLE","ESPECIALIZADO EN RENTA VARIABLE","<a target='_blank' href='http://www.suraim.com.mx/fondos/2_variable/52713/Prospecto.pdf' >http://www.suraim.com.mx/fondos/2_variable/52713/Prospecto.pdf</a>"
"Junio 2026","SURA","SURGLOB","DE RENTA VARIABLE","ESPECIALIZADO EN RENTA VARIABLE","<a target='_blank' href='http://www.suraim.com.mx/fondos/2_variable/52730/Prospecto.pdf' >http://www.suraim.com.mx/fondos/2_variable/52730/Prospecto.pdf</a>"
"Junio 2026","SURA","SURGOB","EN INSTRUMENTOS DE DEUDA","CORTO PLAZO GUBERNAMENTAL","<a target='_blank' href='http://www.suraim.com.mx/fondos/2_variable/52713/Prospecto.pdf' >http://www.suraim.com.mx/fondos/2_variable/52713/Prospecto.pdf</a>"
"Junio 2026","SURA","SURGOB","EN INSTRUMENTOS DE DEUDA","CORTO PLAZO GUBERNAMENTAL","<a target='_blank' href='http://www.suraim.com.mx/fondos/2_variable/52730/Prospecto.pdf' >http://www.suraim.com.mx/fondos/2_variable/52730/Prospecto.pdf</a>"
"Junio 2026","SURA","SURMILA","DE RENTA VARIABLE","ESPECIALIZADO EN RENTA VARIABLE","<a target='_blank' href='http://www.suraim.com.mx/fondos/2_variable/52713/Prospecto.pdf' >http://www.suraim.com.mx/fondos/2_variable/52713/Prospecto.pdf</a>"
"Junio 2026","SURA","SURMILA","DE RENTA VARIABLE","ESPECIALIZADO EN RENTA VARIABLE","<a target='_blank' href='http://www.suraim.com.mx/fondos/2_variable/52730/Prospecto.pdf' >http://www.suraim.com.mx/fondos/2_variable/52730/Prospecto.pdf</a>"
"Junio 2026","SURA","SURPAT","DE RENTA VARIABLE","ESPECIALIZADO EN RENTA VARIABLE","<a target='_blank' href='http://www.suraim.com.mx/fondos/2_variable/52713/Prospecto.pdf' >http://www.suraim.com.mx/fondos/2_variable/52713/Prospecto.pdf</a>"
"Junio 2026","SURA","SURPAT","DE RENTA VARIABLE","ESPECIALIZADO EN RENTA VARIABLE","<a target='_blank' href='http://www.suraim.com.mx/fondos/2_variable/52730/Prospecto.pdf' >http://www.suraim.com.mx/fondos/2_variable/52730/Prospecto.pdf</a>"
"Junio 2026","SURA","SURPLUS","DE RENTA VARIABLE","ESPECIALIZADO EN RENTA VARIABLE","<a target='_blank' href='http://www.suraim.com.mx/fondos/2_variable/52713/Prospecto.pdf' >http://www.suraim.com.mx/fondos/2_variable/52713/Prospecto.pdf</a>"
"Junio 2026","SURA","SURPLUS","DE RENTA VARIABLE","ESPECIALIZADO EN RENTA VARIABLE","<a target='_blank' href='http://www.suraim.com.mx/fondos/2_variable/52730/Prospecto.pdf' >http://www.suraim.com.mx/fondos/2_variable/52730/Prospecto.pdf</a>"
"Junio 2026","SURA","SURREAL","EN INSTRUMENTOS DE DEUDA","LARGO PLAZO TASA REAL","<a target='_blank' href='http://www.suraim.com.mx/fondos/2_variable/52713/Prospecto.pdf' >http://www.suraim.com.mx/fondos/2_variable/52713/Prospecto.pdf</a>"
"Junio 2026","SURA","SURREAL","EN INSTRUMENTOS DE DEUDA","LARGO PLAZO TASA REAL","<a target='_blank' href='http://www.suraim.com.mx/fondos/2_variable/52730/Prospecto.pdf' >http://www.suraim.com.mx/fondos/2_variable/52730/Prospecto.pdf</a>"
"Junio 2026","SURA","SURRVMX","DE RENTA VARIABLE","ESPECIALIZADO EN RENTA VARIABLE","<a target='_blank' href='http://www.suraim.com.mx/fondos/2_variable/52713/Prospecto.pdf' >http://www.suraim.com.mx/fondos/2_variable/52713/Prospecto.pdf</a>"
"Junio 2026","SURA","SURRVMX","DE RENTA VARIABLE","ESPECIALIZADO EN RENTA VARIABLE","<a target='_blank' href='http://www.suraim.com.mx/fondos/2_variable/52730/Prospecto.pdf' >http://www.suraim.com.mx/fondos/2_variable/52730/Prospecto.pdf</a>"
"Junio 2026","SURA","SURUDI","EN INSTRUMENTOS DE DEUDA","MEDIANO PLAZO","<a target='_blank' href='http://www.suraim.com.mx/fondos/2_variable/52713/Prospecto.pdf' >http://www.suraim.com.mx/fondos/2_variable/52713/Prospecto.pdf</a>"
"Junio 2026","SURA","SURUDI","EN INSTRUMENTOS DE DEUDA","MEDIANO PLAZO","<a target='_blank' href='http://www.suraim.com.mx/fondos/2_variable/52730/Prospecto.pdf' >http://www.suraim.com.mx/fondos/2_variable/52730/Prospecto.pdf</a>"
"Junio 2026","SURA","SURUSD","DE RENTA VARIABLE","ESPECIALIZADA EN DEUDA","<a target='_blank' href='http://www.suraim.com.mx/fondos/2_variable/52713/Prospecto.pdf' >http://www.suraim.com.mx/fondos/2_variable/52713/Prospecto.pdf</a>"
"Junio 2026","SURA","SURUSD","DE RENTA VARIABLE","ESPECIALIZADA EN DEUDA","<a target='_blank' href='http://www.suraim.com.mx/fondos/2_variable/52730/Prospecto.pdf' >http://www.suraim.com.mx/fondos/2_variable/52730/Prospecto.pdf</a>"
"Junio 2026","SURA","SURVEUR","DE RENTA VARIABLE","ESPECIALIZADO EN RENTA VARIABLE","<a target='_blank' href='http://www.suraim.com.mx/fondos/2_variable/52713/Prospecto.pdf' >http://www.suraim.com.mx/fondos/2_variable/52713/Prospecto.pdf</a>"
"Junio 2026","SURA","SURVEUR","DE RENTA VARIABLE","ESPECIALIZADO EN RENTA VARIABLE","<a target='_blank' href='http://www.suraim.com.mx/fondos/2_variable/52730/Prospecto.pdf' >http://www.suraim.com.mx/fondos/2_variable/52730/Prospecto.pdf</a>"
"Junio 2026","SAM","SVIVE20","DE RENTA VARIABLE","MAYORITARIAMENTE EN RENTA VARIABLE","<a target='_blank' href='#' >#</a>"
"Junio 2026","SAM","SVIVE35","DE RENTA VARIABLE","DISCRECIONAL RENTA VARIABLE","<a target='_blank' href='#' >#</a>"
"Junio 2026","SAM","SVIVE50","DE RENTA VARIABLE","DISCRECIONAL RENTA VARIABLE","<a target='_blank' href='#' >#</a>"
"Junio 2026","SAM","SVIVE60","EN INSTRUMENTOS DE DEUDA","DISCRECIONAL DEUDA","<a target='_blank' href='#' >#</a>"
"Junio 2026","OACTIN","TEMATIK","DE RENTA VARIABLE","ESPECIALIZADO EN RENTA VARIABLE","<a target='_blank' href='#' >#</a>"
"Junio 2026","OPFRANK","TEMGBIA","EN INSTRUMENTOS DE DEUDA","LARGO PLAZO","<a target='_blank' href='#' >#</a>"
"Junio 2026","SAM","USA-EQ","DE RENTA VARIABLE","DISCRECIONAL RENTA VARIABLE","<a target='_blank' href='#' >#</a>"
"Junio 2026","OVALMEX","VALMX11","EN INSTRUMENTOS DE DEUDA","CORTO PLAZO GUBERNAMENTAL","<a target='_blank' href='#' >#</a>"
"Junio 2026","OVALMEX","VALMX19","DE RENTA VARIABLE","DISCRECIONAL RENTA VARIABLE","<a target='_blank' href='#' >#</a>"
"Junio 2026","OVALMEX","VALMX20","DE RENTA VARIABLE","ESPECIALIZADO EN RENTA VARIABLE","<a target='_blank' href='#' >#</a>"
"Junio 2026","OVALMEX","VALMX28","DE RENTA VARIABLE","DISCRECIONAL RENTA VARIABLE","<a target='_blank' href='#' >#</a>"
"Junio 2026","OVALMEX","VALMXA","DE RENTA VARIABLE","DISCRECIONAL RENTA VARIABLE","<a target='_blank' href='#' >#</a>"
"Junio 2026","OVALMEX","VALMXES","DE RENTA VARIABLE","ESPECIALIZADA EN ACCIONES INTERNACIONALES","<a target='_blank' href='#' >#</a>"
"Junio 2026","OVALMEX","VALMXHC","DE RENTA VARIABLE","DISCRECIONAL RENTA VARIABLE","<a target='_blank' href='#' >#</a>"
"Junio 2026","OVALMEX","VALMXRP","EN INSTRUMENTOS DE DEUDA","DISCRECIONAL DEUDA","<a target='_blank' href='#' >#</a>"
"Junio 2026","OVALMEX","VALMXVL","DE RENTA VARIABLE","ESPECIALIZADA EN ACCIONES INTERNACIONALES","<a target='_blank' href='#' >#</a>"
"Junio 2026","OPMIFEL","VALOR1F","EN INSTRUMENTOS DE DEUDA","CORTO PLAZO","<a target='_blank' href='#' >#</a>"
"Junio 2026","OPMIFEL","VALOR3M","EN INSTRUMENTOS DE DEUDA","CORTO PLAZO","<a target='_blank' href='#' >#</a>"
"Junio 2026","OPVALUE","VALUEF1","EN INSTRUMENTOS DE DEUDA","LARGO PLAZO GUBERNAMENTAL","<a target='_blank' href='#' >#</a>"
"Junio 2026","OPVALUE","VALUEF2","EN INSTRUMENTOS DE DEUDA","LARGO PLAZO","<a target='_blank' href='#' >#</a>"
"Junio 2026","OPVALUE","VALUEF3","EN INSTRUMENTOS DE DEUDA","MEDIANO PLAZO","<a target='_blank' href='#' >#</a>"
"Junio 2026","OPVALUE","VALUEF4","EN INSTRUMENTOS DE DEUDA","CORTO PLAZO GUBERNAMENTAL","<a target='_blank' href='#' >#</a>"
"Junio 2026","OPVALUE","VALUEF7","EN INSTRUMENTOS DE DEUDA","LARGO PLAZO","<a target='_blank' href='#' >#</a>"
"Junio 2026","OPVALUE","VALUEF8","EN INSTRUMENTOS DE DEUDA","LARGO PLAZO","<a target='_blank' href='#' >#</a>"
"Junio 2026","OPVALUE","VALUEV5","DE RENTA VARIABLE","ESPECIALIZADA EN ACCIONES","<a target='_blank' href='#' >#</a>"
"Junio 2026","OPVALUE","VALUEV6","DE RENTA VARIABLE","MAYORITARIAMENTE EN VALORES DE DEUDA","<a target='_blank' href='#' >#</a>"
"Junio 2026","OVALMEX","VLMXDME","DE RENTA VARIABLE","DISCRECIONAL RENTA VARIABLE","<a target='_blank' href='#' >#</a>"
"Junio 2026","OVALMEX","VLMXESG","DE RENTA VARIABLE","DISCRECIONAL RENTA VARIABLE","<a target='_blank' href='#' >#</a>"
"Junio 2026","OVALMEX","VLMXETF","DE RENTA VARIABLE","DISCRECIONAL RENTA VARIABLE","<a target='_blank' href='#' >#</a>"
"Junio 2026","OVALMEX","VLMXJUB","DE RENTA VARIABLE","DISCRECIONAL RENTA VARIABLE","<a target='_blank' href='#' >#</a>"
"Junio 2026","OVALMEX","VLMXLPE","DE RENTA VARIABLE","DISCRECIONAL RENTA VARIABLE","<a target='_blank' href='#' >#</a>"
"Junio 2026","OVALMEX","VLMXP24","DE RENTA VARIABLE","DISCRECIONAL RENTA VARIABLE","<a target='_blank' href='#' >#</a>"
"Junio 2026","OVALMEX","VLMXP31","DE RENTA VARIABLE","DISCRECIONAL RENTA VARIABLE","<a target='_blank' href='#' >#</a>"
"Junio 2026","OVALMEX","VLMXP38","DE RENTA VARIABLE","DISCRECIONAL RENTA VARIABLE","<a target='_blank' href='#' >#</a>"
"Junio 2026","OVALMEX","VLMXP45","DE RENTA VARIABLE","DISCRECIONAL RENTA VARIABLE","<a target='_blank' href='#' >#</a>"
"Junio 2026","OVALMEX","VLMXP52","DE RENTA VARIABLE","DISCRECIONAL RENTA VARIABLE","<a target='_blank' href='#' >#</a>"
"Junio 2026","OVALMEX","VLMXP59","DE RENTA VARIABLE","DISCRECIONAL RENTA VARIABLE","<a target='_blank' href='#' >#</a>"
"Junio 2026","OVALMEX","VLMXTEC","DE RENTA VARIABLE","ESPECIALIZADA EN ACCIONES INTERNACIONALES","<a target='_blank' href='#' >#</a>"
"Junio 2026","OACTIN","VTLS-RF","EN INSTRUMENTOS DE DEUDA","DISCRECIONAL DEUDA","<a target='_blank' href='#' >#</a>"
"Junio 2026","OACTIN","VTLS-RV","DE RENTA VARIABLE","DISCRECIONAL RENTA VARIABLE","<a target='_blank' href='#' >#</a>"
"Junio 2026","OVALMEX","VXCOBER","EN INSTRUMENTOS DE DEUDA","CORTO PLAZO","<a target='_blank' href='#' >#</a>"
"Junio 2026","OVALMEX","VXDEUDA","EN INSTRUMENTOS DE DEUDA","DISCRECIONAL DEUDA","<a target='_blank' href='#' >#</a>"
"Junio 2026","OVALMEX","VXGUBCP","EN INSTRUMENTOS DE DEUDA","CORTO PLAZO GUBERNAMENTAL","<a target='_blank' href='#' >#</a>"
"Junio 2026","OVALMEX","VXGUBLP","EN INSTRUMENTOS DE DEUDA","LARGO PLAZO GUBERNAMENTAL","<a target='_blank' href='#' >#</a>"
"Junio 2026","OVALMEX","VXINFRA","DE RENTA VARIABLE","DISCRECIONAL RENTA VARIABLE","<a target='_blank' href='#' >#</a>"
"Junio 2026","OVALMEX","VXREPO1","EN INSTRUMENTOS DE DEUDA","CORTO PLAZO GUBERNAMENTAL","<a target='_blank' href='#' >#</a>"
"Junio 2026","OVALMEX","VXTBILL","EN INSTRUMENTOS DE DEUDA","DISCRECIONAL DEUDA","<a target='_blank' href='#' >#</a>"
"Junio 2026","OVALMEX","VXUDIMP","EN INSTRUMENTOS DE DEUDA","MEDIANO PLAZO GUBERNAMENTAL EN UDIS","<a target='_blank' href='#' >#</a>"
"Junio 2026","SAM","XPERT-B","DE RENTA VARIABLE","DISCRECIONAL RENTA VARIABLE","<a target='_blank' href='#' >#</a>"
"Junio 2026","SAM","XPERT-C","DE RENTA VARIABLE","DISCRECIONAL RENTA VARIABLE","<a target='_blank' href='#' >#</a>"
"Junio 2026","SAM","XPERT-D","DE RENTA VARIABLE","DISCRECIONAL RENTA VARIABLE","<a target='_blank' href='#' >#</a>"
